"C","Hourly Wholesale Load Cost Report"
"C","Filename: whlsecost_hourly_4000_202408.csv"
"C","Report for: 08 2024"
"C","Report generated: 03/08/2025 14:30:25 EST"
"H","Location ID","Local Date","Local Hour","OnOffPeak","Total Cost","RTLO"
"H","Number","Date","Number","String","Number","Number"
"D",4000,"08/01/2024",01,"OFF",69.82,16250.030
"D",4000,"08/01/2024",02,"OFF",49.08,15734.844
"D",4000,"08/01/2024",03,"OFF",47.02,15219.282
"D",4000,"08/01/2024",04,"OFF",47.28,14920.331
"D",4000,"08/01/2024",05,"OFF",50.37,14968.418
"D",4000,"08/01/2024",06,"OFF",46.49,15065.914
"D",4000,"08/01/2024",07,"OFF",57.52,15556.844
"D",4000,"08/01/2024",08,"ON",70.39,16329.568
"D",4000,"08/01/2024",09,"ON",61.17,17087.472
"D",4000,"08/01/2024",10,"ON",65.48,17994.709
"D",4000,"08/01/2024",11,"ON",56.15,18682.106
"D",4000,"08/01/2024",12,"ON",76.36,19542.458
"D",4000,"08/01/2024",13,"ON",126.50,20459.689
"D",4000,"08/01/2024",14,"ON",91.62,21319.147
"D",4000,"08/01/2024",15,"ON",98.06,21868.452
"D",4000,"08/01/2024",16,"ON",110.41,22502.910
"D",4000,"08/01/2024",17,"ON",280.97,23122.774
"D",4000,"08/01/2024",18,"ON",1176.36,23348.232
"D",4000,"08/01/2024",19,"ON",2240.03,23200.285
"D",4000,"08/01/2024",20,"ON",732.42,22538.953
"D",4000,"08/01/2024",21,"ON",336.65,21983.056
"D",4000,"08/01/2024",22,"ON",217.13,20787.378
"D",4000,"08/01/2024",23,"ON",115.73,19342.938
"D",4000,"08/01/2024",24,"OFF",58.78,17990.888
"D",4000,"08/02/2024",01,"OFF",47.93,16919.169
"D",4000,"08/02/2024",02,"OFF",44.57,16270.967
"D",4000,"08/02/2024",03,"OFF",49.12,15926.639
"D",4000,"08/02/2024",04,"OFF",44.37,15510.107
"D",4000,"08/02/2024",05,"OFF",44.48,15442.603
"D",4000,"08/02/2024",06,"OFF",45.87,15786.091
"D",4000,"08/02/2024",07,"OFF",55.86,16293.501
"D",4000,"08/02/2024",08,"ON",54.41,17044.058
"D",4000,"08/02/2024",09,"ON",49.84,17744.803
"D",4000,"08/02/2024",10,"ON",44.44,18470.264
"D",4000,"08/02/2024",11,"ON",63.56,19448.037
"D",4000,"08/02/2024",12,"ON",104.39,20462.870
"D",4000,"08/02/2024",13,"ON",87.95,21441.775
"D",4000,"08/02/2024",14,"ON",92.31,22267.839
"D",4000,"08/02/2024",15,"ON",78.49,22552.589
"D",4000,"08/02/2024",16,"ON",93.17,22826.002
"D",4000,"08/02/2024",17,"ON",309.69,22858.621
"D",4000,"08/02/2024",18,"ON",80.15,22347.850
"D",4000,"08/02/2024",19,"ON",52.35,21617.658
"D",4000,"08/02/2024",20,"ON",54.30,21184.093
"D",4000,"08/02/2024",21,"ON",76.81,20669.784
"D",4000,"08/02/2024",22,"ON",55.31,19728.213
"D",4000,"08/02/2024",23,"ON",47.91,18709.983
"D",4000,"08/02/2024",24,"OFF",48.63,17717.795
"D",4000,"08/03/2024",01,"OFF",56.49,17149.011
"D",4000,"08/03/2024",02,"OFF",52.26,16567.940
"D",4000,"08/03/2024",03,"OFF",58.75,16058.446
"D",4000,"08/03/2024",04,"OFF",47.60,15997.370
"D",4000,"08/03/2024",05,"OFF",46.99,15916.339
"D",4000,"08/03/2024",06,"OFF",46.16,15739.924
"D",4000,"08/03/2024",07,"OFF",50.22,16019.491
"D",4000,"08/03/2024",08,"OFF",46.57,16698.875
"D",4000,"08/03/2024",09,"OFF",47.93,17117.566
"D",4000,"08/03/2024",10,"OFF",49.13,17470.113
"D",4000,"08/03/2024",11,"OFF",46.40,18172.402
"D",4000,"08/03/2024",12,"OFF",44.01,18917.946
"D",4000,"08/03/2024",13,"OFF",55.96,19511.349
"D",4000,"08/03/2024",14,"OFF",49.22,19975.279
"D",4000,"08/03/2024",15,"OFF",52.01,20409.397
"D",4000,"08/03/2024",16,"OFF",53.25,20879.121
"D",4000,"08/03/2024",17,"OFF",70.77,21625.812
"D",4000,"08/03/2024",18,"OFF",56.77,21678.955
"D",4000,"08/03/2024",19,"OFF",42.63,21076.019
"D",4000,"08/03/2024",20,"OFF",53.21,20491.433
"D",4000,"08/03/2024",21,"OFF",44.60,19964.892
"D",4000,"08/03/2024",22,"OFF",42.04,19087.457
"D",4000,"08/03/2024",23,"OFF",40.99,17950.675
"D",4000,"08/03/2024",24,"OFF",39.31,16934.219
"D",4000,"08/04/2024",01,"OFF",39.37,16029.044
"D",4000,"08/04/2024",02,"OFF",42.77,15359.821
"D",4000,"08/04/2024",03,"OFF",54.91,14814.941
"D",4000,"08/04/2024",04,"OFF",53.74,14910.027
"D",4000,"08/04/2024",05,"OFF",41.65,14904.213
"D",4000,"08/04/2024",06,"OFF",44.30,14818.905
"D",4000,"08/04/2024",07,"OFF",50.36,14552.402
"D",4000,"08/04/2024",08,"OFF",109.54,14872.362
"D",4000,"08/04/2024",09,"OFF",44.93,15482.527
"D",4000,"08/04/2024",10,"OFF",39.63,16306.531
"D",4000,"08/04/2024",11,"OFF",40.50,16853.970
"D",4000,"08/04/2024",12,"OFF",39.94,17438.789
"D",4000,"08/04/2024",13,"OFF",40.50,18012.007
"D",4000,"08/04/2024",14,"OFF",40.45,18484.835
"D",4000,"08/04/2024",15,"OFF",45.89,18654.304
"D",4000,"08/04/2024",16,"OFF",41.62,18840.791
"D",4000,"08/04/2024",17,"OFF",39.62,18892.430
"D",4000,"08/04/2024",18,"OFF",41.61,18968.562
"D",4000,"08/04/2024",19,"OFF",37.35,18587.230
"D",4000,"08/04/2024",20,"OFF",36.07,18221.348
"D",4000,"08/04/2024",21,"OFF",38.98,17946.598
"D",4000,"08/04/2024",22,"OFF",38.23,17140.852
"D",4000,"08/04/2024",23,"OFF",38.03,15960.086
"D",4000,"08/04/2024",24,"OFF",37.35,14766.324
"D",4000,"08/05/2024",01,"OFF",35.59,13872.485
"D",4000,"08/05/2024",02,"OFF",34.44,13247.524
"D",4000,"08/05/2024",03,"OFF",35.85,13623.469
"D",4000,"08/05/2024",04,"OFF",35.55,13717.106
"D",4000,"08/05/2024",05,"OFF",35.41,13751.427
"D",4000,"08/05/2024",06,"OFF",35.03,13660.755
"D",4000,"08/05/2024",07,"OFF",35.17,14212.827
"D",4000,"08/05/2024",08,"ON",37.02,15302.921
"D",4000,"08/05/2024",09,"ON",36.92,16112.905
"D",4000,"08/05/2024",10,"ON",37.89,16693.286
"D",4000,"08/05/2024",11,"ON",39.02,17367.138
"D",4000,"08/05/2024",12,"ON",37.27,18109.735
"D",4000,"08/05/2024",13,"ON",37.45,18905.374
"D",4000,"08/05/2024",14,"ON",39.15,19913.684
"D",4000,"08/05/2024",15,"ON",53.11,20625.831
"D",4000,"08/05/2024",16,"ON",59.30,21211.974
"D",4000,"08/05/2024",17,"ON",44.52,21569.570
"D",4000,"08/05/2024",18,"ON",66.12,21873.885
"D",4000,"08/05/2024",19,"ON",50.21,21430.746
"D",4000,"08/05/2024",20,"ON",47.11,21014.901
"D",4000,"08/05/2024",21,"ON",57.82,20318.556
"D",4000,"08/05/2024",22,"ON",62.51,19147.773
"D",4000,"08/05/2024",23,"ON",48.58,17661.453
"D",4000,"08/05/2024",24,"OFF",49.20,16248.800
"D",4000,"08/06/2024",01,"OFF",45.92,15191.750
"D",4000,"08/06/2024",02,"OFF",45.95,15055.889
"D",4000,"08/06/2024",03,"OFF",41.31,14587.238
"D",4000,"08/06/2024",04,"OFF",39.23,14306.107
"D",4000,"08/06/2024",05,"OFF",42.25,14331.694
"D",4000,"08/06/2024",06,"OFF",53.12,14832.540
"D",4000,"08/06/2024",07,"OFF",58.49,15165.021
"D",4000,"08/06/2024",08,"ON",53.82,15886.639
"D",4000,"08/06/2024",09,"ON",58.33,16367.147
"D",4000,"08/06/2024",10,"ON",60.17,16554.003
"D",4000,"08/06/2024",11,"ON",45.67,16714.320
"D",4000,"08/06/2024",12,"ON",37.93,16752.024
"D",4000,"08/06/2024",13,"ON",43.97,16689.163
"D",4000,"08/06/2024",14,"ON",59.24,16819.813
"D",4000,"08/06/2024",15,"ON",67.84,16729.537
"D",4000,"08/06/2024",16,"ON",47.63,16635.495
"D",4000,"08/06/2024",17,"ON",40.71,16474.330
"D",4000,"08/06/2024",18,"ON",47.10,16617.909
"D",4000,"08/06/2024",19,"ON",52.36,16513.124
"D",4000,"08/06/2024",20,"ON",50.62,16334.578
"D",4000,"08/06/2024",21,"ON",46.74,16013.568
"D",4000,"08/06/2024",22,"ON",44.24,15203.174
"D",4000,"08/06/2024",23,"ON",44.78,14169.812
"D",4000,"08/06/2024",24,"OFF",37.56,13477.300
"D",4000,"08/07/2024",01,"OFF",51.32,12336.736
"D",4000,"08/07/2024",02,"OFF",42.38,12208.386
"D",4000,"08/07/2024",03,"OFF",36.89,12193.797
"D",4000,"08/07/2024",04,"OFF",38.04,12092.465
"D",4000,"08/07/2024",05,"OFF",38.28,12148.041
"D",4000,"08/07/2024",06,"OFF",39.19,12409.861
"D",4000,"08/07/2024",07,"OFF",55.57,12444.643
"D",4000,"08/07/2024",08,"ON",41.49,13132.591
"D",4000,"08/07/2024",09,"ON",37.83,13507.479
"D",4000,"08/07/2024",10,"ON",37.18,13601.111
"D",4000,"08/07/2024",11,"ON",37.73,13652.715
"D",4000,"08/07/2024",12,"ON",38.15,13804.807
"D",4000,"08/07/2024",13,"ON",41.41,13899.301
"D",4000,"08/07/2024",14,"ON",38.46,14031.396
"D",4000,"08/07/2024",15,"ON",38.89,14287.370
"D",4000,"08/07/2024",16,"ON",36.19,14153.813
"D",4000,"08/07/2024",17,"ON",38.70,14475.457
"D",4000,"08/07/2024",18,"ON",49.94,14932.690
"D",4000,"08/07/2024",19,"ON",64.61,15183.371
"D",4000,"08/07/2024",20,"ON",56.78,15082.968
"D",4000,"08/07/2024",21,"ON",52.28,14963.000
"D",4000,"08/07/2024",22,"ON",54.22,14259.786
"D",4000,"08/07/2024",23,"ON",40.06,13178.159
"D",4000,"08/07/2024",24,"OFF",43.88,12163.005
"D",4000,"08/08/2024",01,"OFF",36.70,11868.834
"D",4000,"08/08/2024",02,"OFF",41.78,11680.690
"D",4000,"08/08/2024",03,"OFF",38.30,11833.895
"D",4000,"08/08/2024",04,"OFF",37.37,11686.067
"D",4000,"08/08/2024",05,"OFF",35.66,11791.673
"D",4000,"08/08/2024",06,"OFF",37.54,11890.427
"D",4000,"08/08/2024",07,"OFF",37.93,12168.635
"D",4000,"08/08/2024",08,"ON",40.32,12977.217
"D",4000,"08/08/2024",09,"ON",62.27,13085.357
"D",4000,"08/08/2024",10,"ON",37.55,13186.045
"D",4000,"08/08/2024",11,"ON",47.30,13408.748
"D",4000,"08/08/2024",12,"ON",45.37,13716.469
"D",4000,"08/08/2024",13,"ON",59.94,13950.078
"D",4000,"08/08/2024",14,"ON",69.06,14331.444
"D",4000,"08/08/2024",15,"ON",70.36,14587.153
"D",4000,"08/08/2024",16,"ON",55.73,14700.168
"D",4000,"08/08/2024",17,"ON",55.62,14988.333
"D",4000,"08/08/2024",18,"ON",66.56,15247.552
"D",4000,"08/08/2024",19,"ON",56.88,15100.356
"D",4000,"08/08/2024",20,"ON",54.23,14899.016
"D",4000,"08/08/2024",21,"ON",50.11,14702.527
"D",4000,"08/08/2024",22,"ON",62.64,14063.284
"D",4000,"08/08/2024",23,"ON",53.35,13139.163
"D",4000,"08/08/2024",24,"OFF",42.79,12490.936
"D",4000,"08/09/2024",01,"OFF",35.96,11952.826
"D",4000,"08/09/2024",02,"OFF",36.04,12230.158
"D",4000,"08/09/2024",03,"OFF",35.05,12009.363
"D",4000,"08/09/2024",04,"OFF",33.87,11880.857
"D",4000,"08/09/2024",05,"OFF",34.04,12057.739
"D",4000,"08/09/2024",06,"OFF",36.28,12637.736
"D",4000,"08/09/2024",07,"OFF",38.48,12808.950
"D",4000,"08/09/2024",08,"ON",50.05,13531.633
"D",4000,"08/09/2024",09,"ON",67.29,14378.988
"D",4000,"08/09/2024",10,"ON",41.26,15030.861
"D",4000,"08/09/2024",11,"ON",43.75,15590.017
"D",4000,"08/09/2024",12,"ON",56.86,16187.774
"D",4000,"08/09/2024",13,"ON",56.02,16835.363
"D",4000,"08/09/2024",14,"ON",61.95,17506.414
"D",4000,"08/09/2024",15,"ON",63.85,17946.329
"D",4000,"08/09/2024",16,"ON",52.44,18370.402
"D",4000,"08/09/2024",17,"ON",72.32,18751.392
"D",4000,"08/09/2024",18,"ON",62.55,18968.795
"D",4000,"08/09/2024",19,"ON",48.72,18793.398
"D",4000,"08/09/2024",20,"ON",54.68,18496.669
"D",4000,"08/09/2024",21,"ON",62.01,18185.733
"D",4000,"08/09/2024",22,"ON",56.81,17510.018
"D",4000,"08/09/2024",23,"ON",48.05,16516.150
"D",4000,"08/09/2024",24,"OFF",75.07,15413.429
"D",4000,"08/10/2024",01,"OFF",64.21,14503.399
"D",4000,"08/10/2024",02,"OFF",55.18,14064.935
"D",4000,"08/10/2024",03,"OFF",50.40,13850.269
"D",4000,"08/10/2024",04,"OFF",38.57,13830.294
"D",4000,"08/10/2024",05,"OFF",38.45,13737.134
"D",4000,"08/10/2024",06,"OFF",40.22,13859.216
"D",4000,"08/10/2024",07,"OFF",41.13,13948.623
"D",4000,"08/10/2024",08,"OFF",52.92,14214.981
"D",4000,"08/10/2024",09,"OFF",39.50,14592.874
"D",4000,"08/10/2024",10,"OFF",38.76,15305.986
"D",4000,"08/10/2024",11,"OFF",40.10,15971.021
"D",4000,"08/10/2024",12,"OFF",39.67,16535.510
"D",4000,"08/10/2024",13,"OFF",39.00,16898.118
"D",4000,"08/10/2024",14,"OFF",44.28,17233.065
"D",4000,"08/10/2024",15,"OFF",39.86,17626.313
"D",4000,"08/10/2024",16,"OFF",55.75,18133.961
"D",4000,"08/10/2024",17,"OFF",45.94,18678.846
"D",4000,"08/10/2024",18,"OFF",59.69,19041.607
"D",4000,"08/10/2024",19,"OFF",67.94,18850.999
"D",4000,"08/10/2024",20,"OFF",55.20,18129.494
"D",4000,"08/10/2024",21,"OFF",41.11,17409.677
"D",4000,"08/10/2024",22,"OFF",46.38,16413.722
"D",4000,"08/10/2024",23,"OFF",41.40,15186.054
"D",4000,"08/10/2024",24,"OFF",44.25,13976.796
"D",4000,"08/11/2024",01,"OFF",49.98,13036.816
"D",4000,"08/11/2024",02,"OFF",35.24,12261.896
"D",4000,"08/11/2024",03,"OFF",34.97,12186.409
"D",4000,"08/11/2024",04,"OFF",33.75,11807.167
"D",4000,"08/11/2024",05,"OFF",33.24,11536.835
"D",4000,"08/11/2024",06,"OFF",33.83,11682.706
"D",4000,"08/11/2024",07,"OFF",33.18,11559.298
"D",4000,"08/11/2024",08,"OFF",33.46,11550.297
"D",4000,"08/11/2024",09,"OFF",33.41,12295.524
"D",4000,"08/11/2024",10,"OFF",33.36,12797.609
"D",4000,"08/11/2024",11,"OFF",33.84,12984.868
"D",4000,"08/11/2024",12,"OFF",34.62,13324.254
"D",4000,"08/11/2024",13,"OFF",35.78,13881.946
"D",4000,"08/11/2024",14,"OFF",41.62,14405.127
"D",4000,"08/11/2024",15,"OFF",39.17,14786.285
"D",4000,"08/11/2024",16,"OFF",35.18,15125.342
"D",4000,"08/11/2024",17,"OFF",37.29,15897.038
"D",4000,"08/11/2024",18,"OFF",41.43,16763.100
"D",4000,"08/11/2024",19,"OFF",46.76,17019.282
"D",4000,"08/11/2024",20,"OFF",40.46,16546.186
"D",4000,"08/11/2024",21,"OFF",48.93,16188.470
"D",4000,"08/11/2024",22,"OFF",43.33,15324.393
"D",4000,"08/11/2024",23,"OFF",38.15,14137.441
"D",4000,"08/11/2024",24,"OFF",34.57,13180.358
"D",4000,"08/12/2024",01,"OFF",33.42,12642.900
"D",4000,"08/12/2024",02,"OFF",33.14,12449.387
"D",4000,"08/12/2024",03,"OFF",32.41,12081.252
"D",4000,"08/12/2024",04,"OFF",31.46,11835.480
"D",4000,"08/12/2024",05,"OFF",31.66,11887.098
"D",4000,"08/12/2024",06,"OFF",31.87,12048.969
"D",4000,"08/12/2024",07,"OFF",32.23,12296.500
"D",4000,"08/12/2024",08,"ON",34.93,13072.780
"D",4000,"08/12/2024",09,"ON",34.83,13466.248
"D",4000,"08/12/2024",10,"ON",33.82,13395.373
"D",4000,"08/12/2024",11,"ON",35.54,13546.988
"D",4000,"08/12/2024",12,"ON",40.93,14063.006
"D",4000,"08/12/2024",13,"ON",47.50,14705.815
"D",4000,"08/12/2024",14,"ON",55.17,15298.399
"D",4000,"08/12/2024",15,"ON",42.08,15488.547
"D",4000,"08/12/2024",16,"ON",37.09,15571.009
"D",4000,"08/12/2024",17,"ON",37.67,15851.561
"D",4000,"08/12/2024",18,"ON",39.30,16355.020
"D",4000,"08/12/2024",19,"ON",38.22,16334.570
"D",4000,"08/12/2024",20,"ON",51.57,15940.889
"D",4000,"08/12/2024",21,"ON",48.49,15580.708
"D",4000,"08/12/2024",22,"ON",41.91,14667.964
"D",4000,"08/12/2024",23,"ON",40.07,13460.371
"D",4000,"08/12/2024",24,"OFF",34.39,12351.448
"D",4000,"08/13/2024",01,"OFF",37.22,11839.650
"D",4000,"08/13/2024",02,"OFF",35.66,11661.797
"D",4000,"08/13/2024",03,"OFF",34.82,11430.710
"D",4000,"08/13/2024",04,"OFF",34.16,11404.538
"D",4000,"08/13/2024",05,"OFF",34.21,11593.366
"D",4000,"08/13/2024",06,"OFF",35.17,11794.274
"D",4000,"08/13/2024",07,"OFF",34.93,11962.847
"D",4000,"08/13/2024",08,"ON",41.25,12653.941
"D",4000,"08/13/2024",09,"ON",38.89,12958.057
"D",4000,"08/13/2024",10,"ON",36.22,12970.969
"D",4000,"08/13/2024",11,"ON",36.06,13070.968
"D",4000,"08/13/2024",12,"ON",35.86,13327.384
"D",4000,"08/13/2024",13,"ON",38.47,13726.765
"D",4000,"08/13/2024",14,"ON",46.24,14366.411
"D",4000,"08/13/2024",15,"ON",47.67,14989.734
"D",4000,"08/13/2024",16,"ON",45.98,15708.531
"D",4000,"08/13/2024",17,"ON",63.13,16497.925
"D",4000,"08/13/2024",18,"ON",53.27,17076.540
"D",4000,"08/13/2024",19,"ON",48.58,17141.880
"D",4000,"08/13/2024",20,"ON",73.93,16889.587
"D",4000,"08/13/2024",21,"ON",62.52,16471.939
"D",4000,"08/13/2024",22,"ON",43.60,15499.486
"D",4000,"08/13/2024",23,"ON",53.51,14209.157
"D",4000,"08/13/2024",24,"OFF",54.76,12978.942
"D",4000,"08/14/2024",01,"OFF",46.59,12137.987
"D",4000,"08/14/2024",02,"OFF",39.56,12111.631
"D",4000,"08/14/2024",03,"OFF",41.87,12138.854
"D",4000,"08/14/2024",04,"OFF",40.48,11940.853
"D",4000,"08/14/2024",05,"OFF",40.90,12008.049
"D",4000,"08/14/2024",06,"OFF",40.01,12256.324
"D",4000,"08/14/2024",07,"OFF",38.94,12648.213
"D",4000,"08/14/2024",08,"ON",40.14,13301.376
"D",4000,"08/14/2024",09,"ON",41.31,13768.726
"D",4000,"08/14/2024",10,"ON",41.86,14010.046
"D",4000,"08/14/2024",11,"ON",40.61,14105.823
"D",4000,"08/14/2024",12,"ON",41.77,14580.958
"D",4000,"08/14/2024",13,"ON",42.91,15191.385
"D",4000,"08/14/2024",14,"ON",57.91,15937.706
"D",4000,"08/14/2024",15,"ON",41.79,16498.293
"D",4000,"08/14/2024",16,"ON",48.97,17097.808
"D",4000,"08/14/2024",17,"ON",58.55,17640.286
"D",4000,"08/14/2024",18,"ON",76.73,17999.220
"D",4000,"08/14/2024",19,"ON",76.79,17845.895
"D",4000,"08/14/2024",20,"ON",57.41,17458.444
"D",4000,"08/14/2024",21,"ON",48.74,16986.570
"D",4000,"08/14/2024",22,"ON",46.34,15940.062
"D",4000,"08/14/2024",23,"ON",47.73,14670.982
"D",4000,"08/14/2024",24,"OFF",44.93,13621.162
"D",4000,"08/15/2024",01,"OFF",44.77,12800.710
"D",4000,"08/15/2024",02,"OFF",40.61,12573.837
"D",4000,"08/15/2024",03,"OFF",43.39,12475.915
"D",4000,"08/15/2024",04,"OFF",41.86,12257.932
"D",4000,"08/15/2024",05,"OFF",41.37,12316.274
"D",4000,"08/15/2024",06,"OFF",52.50,12596.689
"D",4000,"08/15/2024",07,"OFF",39.70,13027.794
"D",4000,"08/15/2024",08,"ON",40.97,13569.781
"D",4000,"08/15/2024",09,"ON",42.41,14040.886
"D",4000,"08/15/2024",10,"ON",42.07,14304.718
"D",4000,"08/15/2024",11,"ON",41.54,14700.468
"D",4000,"08/15/2024",12,"ON",43.03,15409.991
"D",4000,"08/15/2024",13,"ON",49.36,15884.309
"D",4000,"08/15/2024",14,"ON",62.89,16652.013
"D",4000,"08/15/2024",15,"ON",68.30,17382.438
"D",4000,"08/15/2024",16,"ON",53.85,17618.677
"D",4000,"08/15/2024",17,"ON",57.33,17558.253
"D",4000,"08/15/2024",18,"ON",44.81,17300.264
"D",4000,"08/15/2024",19,"ON",43.85,16990.608
"D",4000,"08/15/2024",20,"ON",47.78,16729.850
"D",4000,"08/15/2024",21,"ON",47.37,16321.047
"D",4000,"08/15/2024",22,"ON",56.55,15455.145
"D",4000,"08/15/2024",23,"ON",44.78,14298.022
"D",4000,"08/15/2024",24,"OFF",41.72,13471.958
"D",4000,"08/16/2024",01,"OFF",39.57,12992.597
"D",4000,"08/16/2024",02,"OFF",40.45,12849.818
"D",4000,"08/16/2024",03,"OFF",38.46,12673.429
"D",4000,"08/16/2024",04,"OFF",36.07,12456.976
"D",4000,"08/16/2024",05,"OFF",36.18,12528.387
"D",4000,"08/16/2024",06,"OFF",37.57,12528.586
"D",4000,"08/16/2024",07,"OFF",40.24,13093.811
"D",4000,"08/16/2024",08,"ON",41.58,13501.898
"D",4000,"08/16/2024",09,"ON",56.78,13968.809
"D",4000,"08/16/2024",10,"ON",59.75,14191.858
"D",4000,"08/16/2024",11,"ON",41.46,14360.622
"D",4000,"08/16/2024",12,"ON",37.54,14418.615
"D",4000,"08/16/2024",13,"ON",36.80,14841.868
"D",4000,"08/16/2024",14,"ON",38.39,15203.839
"D",4000,"08/16/2024",15,"ON",41.55,15586.635
"D",4000,"08/16/2024",16,"ON",43.84,16081.910
"D",4000,"08/16/2024",17,"ON",38.17,16541.372
"D",4000,"08/16/2024",18,"ON",37.17,16810.659
"D",4000,"08/16/2024",19,"ON",38.56,16600.154
"D",4000,"08/16/2024",20,"ON",44.42,16361.264
"D",4000,"08/16/2024",21,"ON",45.25,16000.610
"D",4000,"08/16/2024",22,"ON",45.77,15172.902
"D",4000,"08/16/2024",23,"ON",39.38,14097.822
"D",4000,"08/16/2024",24,"OFF",39.30,13122.613
"D",4000,"08/17/2024",01,"OFF",53.04,12159.929
"D",4000,"08/17/2024",02,"OFF",37.35,12030.124
"D",4000,"08/17/2024",03,"OFF",36.89,11960.104
"D",4000,"08/17/2024",04,"OFF",36.05,11854.334
"D",4000,"08/17/2024",05,"OFF",35.58,11772.731
"D",4000,"08/17/2024",06,"OFF",34.51,11506.818
"D",4000,"08/17/2024",07,"OFF",34.88,11725.178
"D",4000,"08/17/2024",08,"OFF",34.97,11998.821
"D",4000,"08/17/2024",09,"OFF",50.24,12733.314
"D",4000,"08/17/2024",10,"OFF",50.36,13237.429
"D",4000,"08/17/2024",11,"OFF",36.30,13341.266
"D",4000,"08/17/2024",12,"OFF",33.88,13369.099
"D",4000,"08/17/2024",13,"OFF",34.00,13298.433
"D",4000,"08/17/2024",14,"OFF",33.91,13411.478
"D",4000,"08/17/2024",15,"OFF",34.27,13753.166
"D",4000,"08/17/2024",16,"OFF",35.52,14314.270
"D",4000,"08/17/2024",17,"OFF",40.64,14863.050
"D",4000,"08/17/2024",18,"OFF",50.88,15303.767
"D",4000,"08/17/2024",19,"OFF",45.18,15283.505
"D",4000,"08/17/2024",20,"OFF",39.10,15104.950
"D",4000,"08/17/2024",21,"OFF",37.41,14902.688
"D",4000,"08/17/2024",22,"OFF",35.57,14282.326
"D",4000,"08/17/2024",23,"OFF",34.47,13447.090
"D",4000,"08/17/2024",24,"OFF",33.91,12524.845
"D",4000,"08/18/2024",01,"OFF",34.51,11868.402
"D",4000,"08/18/2024",02,"OFF",33.58,11549.480
"D",4000,"08/18/2024",03,"OFF",33.55,11274.790
"D",4000,"08/18/2024",04,"OFF",32.58,11428.328
"D",4000,"08/18/2024",05,"OFF",33.30,11722.568
"D",4000,"08/18/2024",06,"OFF",33.31,11919.704
"D",4000,"08/18/2024",07,"OFF",33.76,11910.928
"D",4000,"08/18/2024",08,"OFF",35.63,12207.039
"D",4000,"08/18/2024",09,"OFF",34.51,12569.672
"D",4000,"08/18/2024",10,"OFF",34.45,13030.461
"D",4000,"08/18/2024",11,"OFF",46.75,13476.803
"D",4000,"08/18/2024",12,"OFF",50.44,13477.896
"D",4000,"08/18/2024",13,"OFF",43.19,14023.537
"D",4000,"08/18/2024",14,"OFF",39.70,14091.395
"D",4000,"08/18/2024",15,"OFF",35.63,14119.388
"D",4000,"08/18/2024",16,"OFF",41.63,14326.964
"D",4000,"08/18/2024",17,"OFF",39.14,14591.693
"D",4000,"08/18/2024",18,"OFF",39.73,14910.885
"D",4000,"08/18/2024",19,"OFF",39.68,15253.046
"D",4000,"08/18/2024",20,"OFF",45.74,15023.108
"D",4000,"08/18/2024",21,"OFF",46.95,14869.247
"D",4000,"08/18/2024",22,"OFF",39.92,14234.247
"D",4000,"08/18/2024",23,"OFF",37.87,13335.767
"D",4000,"08/18/2024",24,"OFF",37.84,12424.264
"D",4000,"08/19/2024",01,"OFF",37.00,12053.339
"D",4000,"08/19/2024",02,"OFF",33.80,11692.716
"D",4000,"08/19/2024",03,"OFF",34.00,11451.170
"D",4000,"08/19/2024",04,"OFF",33.14,11344.931
"D",4000,"08/19/2024",05,"OFF",32.92,11587.482
"D",4000,"08/19/2024",06,"OFF",33.66,12048.694
"D",4000,"08/19/2024",07,"OFF",37.32,13014.460
"D",4000,"08/19/2024",08,"ON",42.30,13920.265
"D",4000,"08/19/2024",09,"ON",40.25,14559.509
"D",4000,"08/19/2024",10,"ON",44.62,15099.087
"D",4000,"08/19/2024",11,"ON",51.49,15688.967
"D",4000,"08/19/2024",12,"ON",52.13,16036.982
"D",4000,"08/19/2024",13,"ON",51.56,16278.296
"D",4000,"08/19/2024",14,"ON",44.83,16352.463
"D",4000,"08/19/2024",15,"ON",43.48,16671.968
"D",4000,"08/19/2024",16,"ON",54.61,17327.362
"D",4000,"08/19/2024",17,"ON",50.63,17801.858
"D",4000,"08/19/2024",18,"ON",50.95,18221.119
"D",4000,"08/19/2024",19,"ON",54.25,18096.027
"D",4000,"08/19/2024",20,"ON",52.56,17684.476
"D",4000,"08/19/2024",21,"ON",53.31,17121.758
"D",4000,"08/19/2024",22,"ON",51.08,16026.924
"D",4000,"08/19/2024",23,"ON",48.15,14723.563
"D",4000,"08/19/2024",24,"OFF",43.09,13521.539
"D",4000,"08/20/2024",01,"OFF",40.88,12557.069
"D",4000,"08/20/2024",02,"OFF",35.16,12160.909
"D",4000,"08/20/2024",03,"OFF",34.06,11889.750
"D",4000,"08/20/2024",04,"OFF",33.25,11663.176
"D",4000,"08/20/2024",05,"OFF",33.48,11837.222
"D",4000,"08/20/2024",06,"OFF",34.21,12265.437
"D",4000,"08/20/2024",07,"OFF",36.21,12509.698
"D",4000,"08/20/2024",08,"ON",39.94,12824.170
"D",4000,"08/20/2024",09,"ON",40.50,13011.952
"D",4000,"08/20/2024",10,"ON",35.43,12830.706
"D",4000,"08/20/2024",11,"ON",34.78,12957.193
"D",4000,"08/20/2024",12,"ON",35.05,13074.526
"D",4000,"08/20/2024",13,"ON",35.62,13246.355
"D",4000,"08/20/2024",14,"ON",35.60,13472.462
"D",4000,"08/20/2024",15,"ON",36.28,13537.953
"D",4000,"08/20/2024",16,"ON",35.31,13708.484
"D",4000,"08/20/2024",17,"ON",35.61,14046.870
"D",4000,"08/20/2024",18,"ON",41.82,14387.209
"D",4000,"08/20/2024",19,"ON",41.65,14382.221
"D",4000,"08/20/2024",20,"ON",52.24,14340.586
"D",4000,"08/20/2024",21,"ON",50.15,14054.283
"D",4000,"08/20/2024",22,"ON",39.16,13208.737
"D",4000,"08/20/2024",23,"ON",35.71,12138.366
"D",4000,"08/20/2024",24,"OFF",33.25,11227.914
"D",4000,"08/21/2024",01,"OFF",33.75,10987.388
"D",4000,"08/21/2024",02,"OFF",33.69,10749.634
"D",4000,"08/21/2024",03,"OFF",34.06,10605.468
"D",4000,"08/21/2024",04,"OFF",33.26,10601.558
"D",4000,"08/21/2024",05,"OFF",33.10,10677.979
"D",4000,"08/21/2024",06,"OFF",33.36,10736.763
"D",4000,"08/21/2024",07,"OFF",33.95,11160.695
"D",4000,"08/21/2024",08,"ON",36.25,11729.041
"D",4000,"08/21/2024",09,"ON",35.17,11997.441
"D",4000,"08/21/2024",10,"ON",34.61,11958.053
"D",4000,"08/21/2024",11,"ON",34.44,12041.760
"D",4000,"08/21/2024",12,"ON",34.37,12276.444
"D",4000,"08/21/2024",13,"ON",35.05,12749.014
"D",4000,"08/21/2024",14,"ON",35.19,12951.988
"D",4000,"08/21/2024",15,"ON",35.27,12913.298
"D",4000,"08/21/2024",16,"ON",35.32,13381.598
"D",4000,"08/21/2024",17,"ON",41.64,13809.497
"D",4000,"08/21/2024",18,"ON",53.94,14354.783
"D",4000,"08/21/2024",19,"ON",63.86,14541.601
"D",4000,"08/21/2024",20,"ON",64.38,14408.510
"D",4000,"08/21/2024",21,"ON",63.39,14120.303
"D",4000,"08/21/2024",22,"ON",63.08,13295.026
"D",4000,"08/21/2024",23,"ON",36.48,12334.190
"D",4000,"08/21/2024",24,"OFF",37.56,11511.325
"D",4000,"08/22/2024",01,"OFF",36.49,11113.288
"D",4000,"08/22/2024",02,"OFF",35.55,10898.726
"D",4000,"08/22/2024",03,"OFF",34.81,10856.622
"D",4000,"08/22/2024",04,"OFF",33.93,10741.511
"D",4000,"08/22/2024",05,"OFF",33.95,10813.992
"D",4000,"08/22/2024",06,"OFF",34.40,10912.553
"D",4000,"08/22/2024",07,"OFF",42.28,11195.757
"D",4000,"08/22/2024",08,"ON",49.92,11825.991
"D",4000,"08/22/2024",09,"ON",37.67,11921.688
"D",4000,"08/22/2024",10,"ON",31.31,12118.694
"D",4000,"08/22/2024",11,"ON",34.07,12271.825
"D",4000,"08/22/2024",12,"ON",34.69,12559.703
"D",4000,"08/22/2024",13,"ON",35.00,12941.147
"D",4000,"08/22/2024",14,"ON",35.43,12915.673
"D",4000,"08/22/2024",15,"ON",35.32,13297.891
"D",4000,"08/22/2024",16,"ON",35.46,13681.129
"D",4000,"08/22/2024",17,"ON",44.14,13935.313
"D",4000,"08/22/2024",18,"ON",47.42,14443.634
"D",4000,"08/22/2024",19,"ON",53.83,14616.748
"D",4000,"08/22/2024",20,"ON",55.12,14489.533
"D",4000,"08/22/2024",21,"ON",52.50,14260.358
"D",4000,"08/22/2024",22,"ON",46.71,13444.321
"D",4000,"08/22/2024",23,"ON",36.72,12471.392
"D",4000,"08/22/2024",24,"OFF",35.06,11835.807
"D",4000,"08/23/2024",01,"OFF",34.20,11496.532
"D",4000,"08/23/2024",02,"OFF",33.12,11299.728
"D",4000,"08/23/2024",03,"OFF",33.15,11012.907
"D",4000,"08/23/2024",04,"OFF",32.66,11125.678
"D",4000,"08/23/2024",05,"OFF",32.68,11042.818
"D",4000,"08/23/2024",06,"OFF",32.82,10905.761
"D",4000,"08/23/2024",07,"OFF",33.38,11463.395
"D",4000,"08/23/2024",08,"ON",35.76,12126.516
"D",4000,"08/23/2024",09,"ON",35.78,12416.904
"D",4000,"08/23/2024",10,"ON",36.42,12405.948
"D",4000,"08/23/2024",11,"ON",36.25,12276.452
"D",4000,"08/23/2024",12,"ON",35.79,12783.096
"D",4000,"08/23/2024",13,"ON",38.20,12982.495
"D",4000,"08/23/2024",14,"ON",55.46,13470.800
"D",4000,"08/23/2024",15,"ON",40.37,13717.650
"D",4000,"08/23/2024",16,"ON",34.85,14232.692
"D",4000,"08/23/2024",17,"ON",37.51,14996.409
"D",4000,"08/23/2024",18,"ON",42.03,15640.310
"D",4000,"08/23/2024",19,"ON",52.56,15685.706
"D",4000,"08/23/2024",20,"ON",53.60,15295.153
"D",4000,"08/23/2024",21,"ON",48.57,14879.772
"D",4000,"08/23/2024",22,"ON",37.44,14057.433
"D",4000,"08/23/2024",23,"ON",35.25,13031.676
"D",4000,"08/23/2024",24,"OFF",33.66,12030.272
"D",4000,"08/24/2024",01,"OFF",35.38,11263.254
"D",4000,"08/24/2024",02,"OFF",34.29,11110.672
"D",4000,"08/24/2024",03,"OFF",35.25,11073.824
"D",4000,"08/24/2024",04,"OFF",34.34,10855.508
"D",4000,"08/24/2024",05,"OFF",34.33,10795.286
"D",4000,"08/24/2024",06,"OFF",34.51,10958.835
"D",4000,"08/24/2024",07,"OFF",33.94,10705.308
"D",4000,"08/24/2024",08,"OFF",34.48,10970.625
"D",4000,"08/24/2024",09,"OFF",33.86,11120.782
"D",4000,"08/24/2024",10,"OFF",33.88,11497.419
"D",4000,"08/24/2024",11,"OFF",34.06,11861.637
"D",4000,"08/24/2024",12,"OFF",34.22,12260.373
"D",4000,"08/24/2024",13,"OFF",33.97,12724.318
"D",4000,"08/24/2024",14,"OFF",34.30,13121.337
"D",4000,"08/24/2024",15,"OFF",33.55,13523.538
"D",4000,"08/24/2024",16,"OFF",33.96,14350.923
"D",4000,"08/24/2024",17,"OFF",44.46,15001.761
"D",4000,"08/24/2024",18,"OFF",78.36,15766.020
"D",4000,"08/24/2024",19,"OFF",61.96,15892.278
"D",4000,"08/24/2024",20,"OFF",47.40,15546.705
"D",4000,"08/24/2024",21,"OFF",57.34,15136.262
"D",4000,"08/24/2024",22,"OFF",51.48,14307.296
"D",4000,"08/24/2024",23,"OFF",44.58,13320.624
"D",4000,"08/24/2024",24,"OFF",39.51,12323.056
"D",4000,"08/25/2024",01,"OFF",42.45,11439.495
"D",4000,"08/25/2024",02,"OFF",37.42,11262.546
"D",4000,"08/25/2024",03,"OFF",38.42,11393.292
"D",4000,"08/25/2024",04,"OFF",36.21,11418.625
"D",4000,"08/25/2024",05,"OFF",35.52,11307.710
"D",4000,"08/25/2024",06,"OFF",35.25,11336.422
"D",4000,"08/25/2024",07,"OFF",34.39,10947.998
"D",4000,"08/25/2024",08,"OFF",34.26,11100.077
"D",4000,"08/25/2024",09,"OFF",33.74,11537.350
"D",4000,"08/25/2024",10,"OFF",34.84,11904.992
"D",4000,"08/25/2024",11,"OFF",37.97,12242.349
"D",4000,"08/25/2024",12,"OFF",41.20,12842.148
"D",4000,"08/25/2024",13,"OFF",51.13,13500.912
"D",4000,"08/25/2024",14,"OFF",53.21,14090.338
"D",4000,"08/25/2024",15,"OFF",55.51,14614.059
"D",4000,"08/25/2024",16,"OFF",57.89,15317.966
"D",4000,"08/25/2024",17,"OFF",49.28,16041.074
"D",4000,"08/25/2024",18,"OFF",58.69,16721.091
"D",4000,"08/25/2024",19,"OFF",59.88,16806.057
"D",4000,"08/25/2024",20,"OFF",74.86,16685.403
"D",4000,"08/25/2024",21,"OFF",62.31,16249.547
"D",4000,"08/25/2024",22,"OFF",56.39,15291.049
"D",4000,"08/25/2024",23,"OFF",63.01,14116.590
"D",4000,"08/25/2024",24,"OFF",59.79,12923.933
"D",4000,"08/26/2024",01,"OFF",41.55,12423.952
"D",4000,"08/26/2024",02,"OFF",38.66,12527.352
"D",4000,"08/26/2024",03,"OFF",38.60,12505.213
"D",4000,"08/26/2024",04,"OFF",39.27,12326.122
"D",4000,"08/26/2024",05,"OFF",38.86,12429.327
"D",4000,"08/26/2024",06,"OFF",38.30,12862.990
"D",4000,"08/26/2024",07,"OFF",38.24,13185.478
"D",4000,"08/26/2024",08,"ON",40.08,13917.764
"D",4000,"08/26/2024",09,"ON",40.10,14181.525
"D",4000,"08/26/2024",10,"ON",39.48,14234.710
"D",4000,"08/26/2024",11,"ON",39.91,14552.077
"D",4000,"08/26/2024",12,"ON",42.41,15074.250
"D",4000,"08/26/2024",13,"ON",48.20,15720.983
"D",4000,"08/26/2024",14,"ON",58.61,16596.534
"D",4000,"08/26/2024",15,"ON",61.93,16982.679
"D",4000,"08/26/2024",16,"ON",59.75,16809.193
"D",4000,"08/26/2024",17,"ON",48.38,16845.661
"D",4000,"08/26/2024",18,"ON",45.65,16945.885
"D",4000,"08/26/2024",19,"ON",46.70,16828.870
"D",4000,"08/26/2024",20,"ON",53.44,16612.077
"D",4000,"08/26/2024",21,"ON",56.53,16116.907
"D",4000,"08/26/2024",22,"ON",47.05,15071.962
"D",4000,"08/26/2024",23,"ON",44.48,13808.086
"D",4000,"08/26/2024",24,"OFF",41.99,12601.598
"D",4000,"08/27/2024",01,"OFF",40.15,12228.397
"D",4000,"08/27/2024",02,"OFF",50.64,12324.997
"D",4000,"08/27/2024",03,"OFF",43.08,12110.991
"D",4000,"08/27/2024",04,"OFF",40.53,12050.167
"D",4000,"08/27/2024",05,"OFF",40.97,12166.669
"D",4000,"08/27/2024",06,"OFF",42.83,12663.221
"D",4000,"08/27/2024",07,"OFF",44.65,12871.845
"D",4000,"08/27/2024",08,"ON",43.71,13356.621
"D",4000,"08/27/2024",09,"ON",41.03,13715.988
"D",4000,"08/27/2024",10,"ON",39.68,13834.859
"D",4000,"08/27/2024",11,"ON",39.57,13978.893
"D",4000,"08/27/2024",12,"ON",39.18,14437.613
"D",4000,"08/27/2024",13,"ON",40.01,15039.627
"D",4000,"08/27/2024",14,"ON",41.48,15565.463
"D",4000,"08/27/2024",15,"ON",44.92,16258.048
"D",4000,"08/27/2024",16,"ON",54.97,17085.824
"D",4000,"08/27/2024",17,"ON",48.49,17961.647
"D",4000,"08/27/2024",18,"ON",68.41,18574.051
"D",4000,"08/27/2024",19,"ON",92.92,18556.197
"D",4000,"08/27/2024",20,"ON",54.00,18261.726
"D",4000,"08/27/2024",21,"ON",50.30,17615.838
"D",4000,"08/27/2024",22,"ON",46.48,16414.237
"D",4000,"08/27/2024",23,"ON",43.04,15022.892
"D",4000,"08/27/2024",24,"OFF",39.05,13997.763
"D",4000,"08/28/2024",01,"OFF",41.68,13395.423
"D",4000,"08/28/2024",02,"OFF",41.64,13263.579
"D",4000,"08/28/2024",03,"OFF",40.59,13135.695
"D",4000,"08/28/2024",04,"OFF",38.90,12935.685
"D",4000,"08/28/2024",05,"OFF",38.94,13100.134
"D",4000,"08/28/2024",06,"OFF",39.54,13428.539
"D",4000,"08/28/2024",07,"OFF",41.72,13966.326
"D",4000,"08/28/2024",08,"ON",42.50,14781.947
"D",4000,"08/28/2024",09,"ON",41.95,15319.469
"D",4000,"08/28/2024",10,"ON",45.54,15641.202
"D",4000,"08/28/2024",11,"ON",46.16,16459.482
"D",4000,"08/28/2024",12,"ON",45.96,17387.474
"D",4000,"08/28/2024",13,"ON",66.62,18324.612
"D",4000,"08/28/2024",14,"ON",47.33,18909.547
"D",4000,"08/28/2024",15,"ON",49.16,19415.853
"D",4000,"08/28/2024",16,"ON",45.98,19900.117
"D",4000,"08/28/2024",17,"ON",52.23,20435.851
"D",4000,"08/28/2024",18,"ON",141.67,20848.006
"D",4000,"08/28/2024",19,"ON",116.28,20663.364
"D",4000,"08/28/2024",20,"ON",66.88,20156.338
"D",4000,"08/28/2024",21,"ON",59.99,19344.947
"D",4000,"08/28/2024",22,"ON",55.10,17893.631
"D",4000,"08/28/2024",23,"ON",43.74,16148.232
"D",4000,"08/28/2024",24,"OFF",41.16,14531.003
"D",4000,"08/29/2024",01,"OFF",66.01,13462.046
"D",4000,"08/29/2024",02,"OFF",57.05,13121.983
"D",4000,"08/29/2024",03,"OFF",46.22,12511.220
"D",4000,"08/29/2024",04,"OFF",44.33,12146.988
"D",4000,"08/29/2024",05,"OFF",58.06,12125.403
"D",4000,"08/29/2024",06,"OFF",72.30,12708.552
"D",4000,"08/29/2024",07,"OFF",56.71,13112.824
"D",4000,"08/29/2024",08,"ON",68.11,13504.752
"D",4000,"08/29/2024",09,"ON",54.06,13836.550
"D",4000,"08/29/2024",10,"ON",67.09,13827.238
"D",4000,"08/29/2024",11,"ON",52.09,13960.121
"D",4000,"08/29/2024",12,"ON",55.00,14263.808
"D",4000,"08/29/2024",13,"ON",55.25,14469.095
"D",4000,"08/29/2024",14,"ON",82.51,14489.306
"D",4000,"08/29/2024",15,"ON",50.52,14245.672
"D",4000,"08/29/2024",16,"ON",42.17,14602.513
"D",4000,"08/29/2024",17,"ON",55.90,15087.366
"D",4000,"08/29/2024",18,"ON",59.67,15613.036
"D",4000,"08/29/2024",19,"ON",65.71,15645.999
"D",4000,"08/29/2024",20,"ON",69.08,15458.765
"D",4000,"08/29/2024",21,"ON",67.00,15024.521
"D",4000,"08/29/2024",22,"ON",70.82,14077.990
"D",4000,"08/29/2024",23,"ON",59.07,12966.544
"D",4000,"08/29/2024",24,"OFF",63.11,11857.569
"D",4000,"08/30/2024",01,"OFF",44.96,11380.812
"D",4000,"08/30/2024",02,"OFF",44.04,11406.827
"D",4000,"08/30/2024",03,"OFF",41.02,11092.477
"D",4000,"08/30/2024",04,"OFF",41.56,11152.908
"D",4000,"08/30/2024",05,"OFF",36.94,11269.332
"D",4000,"08/30/2024",06,"OFF",55.30,11663.458
"D",4000,"08/30/2024",07,"OFF",42.35,12108.074
"D",4000,"08/30/2024",08,"ON",46.94,12158.469
"D",4000,"08/30/2024",09,"ON",38.10,12497.380
"D",4000,"08/30/2024",10,"ON",37.81,12518.335
"D",4000,"08/30/2024",11,"ON",36.29,12452.667
"D",4000,"08/30/2024",12,"ON",36.60,12426.858
"D",4000,"08/30/2024",13,"ON",40.66,12497.140
"D",4000,"08/30/2024",14,"ON",38.11,12514.360
"D",4000,"08/30/2024",15,"ON",38.97,12807.838
"D",4000,"08/30/2024",16,"ON",38.78,13383.860
"D",4000,"08/30/2024",17,"ON",52.88,14147.156
"D",4000,"08/30/2024",18,"ON",65.72,14814.401
"D",4000,"08/30/2024",19,"ON",64.93,14846.935
"D",4000,"08/30/2024",20,"ON",67.18,14617.199
"D",4000,"08/30/2024",21,"ON",52.00,14220.964
"D",4000,"08/30/2024",22,"ON",42.81,13482.215
"D",4000,"08/30/2024",23,"ON",45.35,12562.932
"D",4000,"08/30/2024",24,"OFF",38.09,11682.928
"D",4000,"08/31/2024",01,"OFF",33.99,11207.330
"D",4000,"08/31/2024",02,"OFF",33.50,11211.931
"D",4000,"08/31/2024",03,"OFF",36.53,11216.583
"D",4000,"08/31/2024",04,"OFF",34.95,11083.277
"D",4000,"08/31/2024",05,"OFF",35.67,11032.816
"D",4000,"08/31/2024",06,"OFF",32.65,10898.116
"D",4000,"08/31/2024",07,"OFF",33.03,11309.980
"D",4000,"08/31/2024",08,"OFF",33.43,11745.698
"D",4000,"08/31/2024",09,"OFF",33.70,11998.818
"D",4000,"08/31/2024",10,"OFF",33.15,12430.697
"D",4000,"08/31/2024",11,"OFF",32.76,12623.803
"D",4000,"08/31/2024",12,"OFF",32.77,13021.695
"D",4000,"08/31/2024",13,"OFF",33.69,13501.009
"D",4000,"08/31/2024",14,"OFF",34.37,13859.438
"D",4000,"08/31/2024",15,"OFF",42.70,13856.940
"D",4000,"08/31/2024",16,"OFF",40.86,14127.122
"D",4000,"08/31/2024",17,"OFF",44.40,14605.074
"D",4000,"08/31/2024",18,"OFF",47.82,15074.795
"D",4000,"08/31/2024",19,"OFF",50.47,15144.954
"D",4000,"08/31/2024",20,"OFF",49.91,15081.942
"D",4000,"08/31/2024",21,"OFF",43.64,14791.163
"D",4000,"08/31/2024",22,"OFF",39.35,14184.415
"D",4000,"08/31/2024",23,"OFF",36.15,13427.572
"D",4000,"08/31/2024",24,"OFF",37.08,12665.174
"T","744 lines"