Week ,crude_stocks
1/16/26,238044
1/9/26,237779
1/2/26,235616
12/26/25,238177
12/19/25,241062
12/12/25,241716
12/5/25,242806
11/28/25,246544
11/21/25,247021
11/14/25,241257
11/7/25,243315
10/31/25,237478
10/24/25,234313
10/17/25,244299
10/10/25,244582
10/3/25,244467
9/26/25,238342
9/19/25,234311
9/12/25,237426
9/5/25,244880
8/29/25,239388
8/22/25,239758
8/15/25,240911
8/8/25,248448
8/1/25,242232
7/25/25,243850
7/18/25,237802
7/11/25,238774
7/4/25,240749
6/27/25,234906
6/20/25,229864
6/13/25,234870
6/6/25,242627
5/30/25,245104
5/23/25,248248
5/16/25,251324
5/9/25,251322
5/2/25,249426
4/25/25,249716
4/18/25,253391
4/11/25,254405
4/4/25,254321
3/28/25,250622
3/21/25,248926
3/14/25,252319
3/7/25,248775
2/28/25,244787
2/21/25,243233
2/14/25,247315
2/7/25,243498
1/31/25,238999
1/24/25,232386
1/17/25,228158
1/10/25,230322
1/3/25,232423
12/27/24,227521
12/20/24,231481
12/13/24,233380
12/6/24,235093
11/29/24,235574
11/22/24,240549
11/15/24,242129
11/8/24,246198
11/1/24,243727
10/25/24,241561
10/18/24,244312
10/11/24,239936
10/4/24,239934
9/27/24,237011
9/20/24,234545
9/13/24,240751
9/6/24,239001
8/30/24,234443
8/23/24,240185
8/16/24,239672
8/9/24,243861
8/2/24,238296
7/26/24,242796
7/19/24,246858
7/12/24,248530
7/5/24,251458
6/28/24,257139
6/21/24,264305
6/14/24,262256
6/7/24,266673
5/31/24,260563
5/24/24,258217
5/17/24,261506
5/10/24,257882
5/3/24,259048
4/26/24,261577
4/19/24,254800
4/12/24,260917
4/5/24,257472
3/29/24,250372
3/22/24,248320
3/15/24,247865
3/8/24,248635
3/1/24,248260
2/23/24,250413
2/16/24,250264
2/9/24,248349
2/2/24,241374
1/26/24,235139
1/19/24,232043
1/12/24,235835
1/5/24,235465
12/29/23,234662
12/22/23,237654
12/15/23,248682
12/8/23,247895
12/1/23,250711
11/24/23,256369
11/17/23,257894
11/10/23,252373
11/3/23,253217
10/27/23,241784
10/20/23,242485
10/13/23,242753
10/6/23,245690
9/29/23,236353
9/22/23,237997
9/15/23,239077
9/8/23,238699
9/1/23,231423
8/25/23,234302
8/18/23,243462
8/11/23,243540
8/4/23,248471
7/28/23,243379
7/21/23,258953
7/14/23,256432
7/7/23,252468
6/30/23,244495
6/23/23,246264
6/16/23,254912
6/9/23,254296
6/2/23,248164
5/26/23,248973
5/19/23,244748
5/12/23,256187
5/5/23,253807
4/28/23,254925
4/21/23,259862
4/14/23,265294
4/7/23,267507
3/31/23,265595
3/24/23,268822
3/17/23,275211
3/10/23,272598
3/3/23,269857
2/24/23,267239
2/17/23,267926
2/10/23,263081
2/3/23,248582
1/27/23,248993
1/20/23,248918
1/13/23,250877
1/6/23,249493
12/30/22,233943
12/23/22,231664
12/16/22,230703
12/9/22,235270
12/2/22,226512
11/25/22,230132
11/18/22,241154
11/11/22,245033
11/4/22,247393
10/28/22,246030
10/21/22,249505
10/14/22,247725
10/7/22,249123
9/30/22,240843
9/23/22,241777
9/16/22,244654
9/9/22,242488
9/2/22,241314
8/26/22,231438
8/19/22,233140
8/12/22,234876
8/5/22,242364
7/29/22,237682
7/22/22,239341
7/15/22,241744
7/8/22,243454
7/1/22,241711
6/24/22,236152
6/17/22,236963
6/10/22,237361
6/3/22,235440
5/27/22,227393
5/20/22,234189
5/13/22,234077
5/6/22,233928
4/29/22,231835
4/22/22,228329
4/15/22,229068
4/8/22,232569
4/1/22,227705
3/25/22,225541
3/18/22,228052
3/11/22,234614
3/4/22,229255
2/25/22,230419
2/18/22,229772
2/11/22,224809
2/4/22,220652
1/28/22,222172
1/21/22,224872
1/14/22,222516
1/7/22,220327
12/31/21,223066
12/24/21,226538
12/17/21,230836
12/10/21,234144
12/3/21,237947
11/26/21,237154
11/19/21,239960
11/12/21,242578
11/5/21,247450
10/29/21,249348
10/22/21,247390
10/15/21,238768
10/8/21,236857
10/1/21,227843
9/24/21,227770
9/17/21,223902
9/10/21,224156
9/3/21,228007
8/27/21,230600
8/20/21,239570
8/13/21,240990
8/6/21,242852
7/30/21,241719
7/23/21,238618
7/16/21,238398
7/9/21,236498
7/2/21,241844
6/25/21,246253
6/18/21,251186
6/11/21,256259
6/4/21,258016
5/28/21,264809
5/21/21,270447
5/14/21,272349
5/7/21,271464
4/30/21,269584
4/23/21,279994
4/16/21,285061
4/9/21,283813
4/2/21,290268
3/26/21,294428
3/19/21,293566
3/12/21,288181
3/5/21,282920
2/26/21,267733
2/19/21,246878
2/12/21,249388
2/5/21,251042
1/29/21,255583
1/22/21,256623
1/15/21,263050
1/8/21,257456
1/1/21,258630
12/25/20,264855
12/18/20,272147
12/11/20,270993
12/4/20,273963
11/27/20,262170
11/20/20,262822
11/13/20,260801
11/6/20,258496
10/30/20,253394
10/23/20,261179
10/16/20,255886
10/9/20,256333
10/2/20,261453
9/25/20,263512
9/18/20,265000
9/11/20,266618
9/4/20,269394
8/28/20,268661
8/21/20,276721
8/14/20,279175
8/7/20,281416
7/31/20,288121
7/24/20,295507
7/17/20,305969
7/10/20,301119
7/3/20,309016
6/26/20,303967
6/19/20,307996
6/12/20,307489
6/5/20,303681
5/29/20,296810
5/22/20,295150
5/15/20,284901
5/8/20,282453
5/1/20,282670
4/24/20,280353
4/17/20,273238
4/10/20,263360
4/3/20,253122
3/27/20,247786
3/20/20,241310
3/13/20,243926
3/6/20,242203
2/28/20,236084
2/21/20,232618
2/14/20,230657
2/7/20,229256
1/31/20,226521
1/24/20,221603
1/17/20,219249
1/10/20,218434
1/3/20,221402
12/27/19,219267
12/20/19,230365
12/13/19,232287
12/6/19,235275
11/29/19,229842
11/22/19,232564
11/15/19,231817
11/8/19,230242
11/1/19,227577
10/25/19,224819
10/18/19,223224
10/11/19,226932
10/4/19,221415
9/27/19,215774
9/20/19,216548
9/13/19,219929
9/6/19,217915
8/30/19,220356
8/23/19,223993
8/16/19,225147
8/9/19,224457
8/2/19,222695
7/26/19,217166
7/19/19,220601
7/12/19,228538
7/5/19,227976
6/28/19,234733
6/21/19,235018
6/14/19,241278
6/7/19,247108
5/31/19,248317
5/24/19,244852
5/17/19,245650
5/10/19,242773
5/3/19,239847
4/26/19,244604
4/19/19,235432
4/12/19,233677
4/5/19,232230
3/29/19,226837
3/22/19,218105
3/15/19,213527
3/8/19,222146
3/1/19,227470
2/22/19,225880
2/15/19,232642
2/8/19,230975
2/1/19,229293
1/25/19,229557
1/18/19,230485
1/11/19,227380
1/4/19,226926
12/28/18,229868
12/21/18,229321
12/14/18,231776
12/7/18,232636
11/30/18,228806
11/23/18,237868
11/16/18,232061
11/9/18,228674
11/2/18,223442
10/26/18,218480
10/19/18,219563
10/12/18,217313
10/5/18,216254
9/28/18,213967
9/21/18,207391
9/14/18,207008
9/7/18,208637
8/31/18,210341
8/24/18,212783
8/17/18,212771
8/10/18,216893
8/3/18,216465
7/27/18,217326
7/20/18,211730
7/13/18,211795
7/6/18,208750
6/29/18,215990
6/22/18,213037
6/15/18,218211
6/8/18,218946
6/1/18,219902
5/25/18,218680
5/18/18,221764
5/11/18,218583
5/4/18,220083
4/27/18,222619
4/20/18,221955
4/13/18,221970
4/6/18,223468
3/30/18,220836
3/23/18,227784
3/16/18,232961
3/9/18,236644
3/2/18,230915
2/23/18,228332
2/16/18,223777
2/9/18,222326
2/2/18,216224
1/26/18,211402
1/19/18,204931
1/12/18,202629
1/5/18,203610
12/29/17,206173
12/22/17,208240
12/15/17,213880
12/8/17,217512
12/1/17,217797
11/24/17,218925
11/17/17,219114
11/10/17,221557
11/3/17,218667
10/27/17,217036
10/20/17,223847
10/13/17,223185
10/6/17,232137
9/29/17,236679
9/22/17,241100
9/15/17,245483
9/8/17,241830
9/1/17,231950
8/25/17,230221
8/18/17,234360
8/11/17,238118
8/4/17,245337
7/28/17,249429
7/21/17,247676
7/14/17,252145
7/7/17,252866
6/30/17,258940
6/23/17,260007
6/16/17,258852
6/9/17,257954
6/2/17,259282
5/26/17,255884
5/19/17,260392
5/12/17,262512
5/5/17,268023
4/28/17,274402
4/21/17,272889
4/14/17,274111
4/7/17,277115
3/31/17,280938
3/24/17,278197
3/17/17,276200
3/10/17,276190
3/3/17,278599
2/24/17,277591
2/17/17,275283
2/10/17,274396
2/3/17,267571
1/27/17,256658
1/20/17,248239
1/13/17,247053
1/6/17,246278
12/30/16,240512
12/23/16,247632
12/16/16,245690
12/9/16,246133
12/2/16,246450
11/25/16,253361
11/18/16,253606
11/11/16,255407
11/4/16,250468
10/28/16,251496
10/21/16,243389
10/14/16,241382
10/7/16,242927
9/30/16,239924
9/23/16,244251
9/16/16,244915
9/9/16,248647
9/2/16,246387
8/26/16,255107
8/19/16,252196
8/12/16,251681
8/5/16,251899
7/29/16,249342
7/22/16,250657
7/15/16,249184
7/8/16,251717
7/1/16,253243
6/24/16,251989
6/17/16,252414
6/10/16,253609
6/3/16,253633
5/27/16,257131
5/20/16,258081
5/13/16,261661
5/6/16,260483
4/29/16,262087
4/22/16,265012
4/15/16,263904
4/8/16,263963
4/1/16,256971
3/25/16,261334
3/18/16,259453
3/11/16,250489
3/4/16,246226
2/26/16,243748
2/19/16,234997
2/12/16,230619
2/5/16,231002
1/29/16,232260
1/22/16,228642
1/15/16,221089
1/8/16,215883
1/1/16,218752
12/25/15,223139
12/18/15,222017
12/11/15,229910
12/4/15,221906
11/27/15,229181
11/20/15,227813
11/13/15,228952
11/6/15,231379
10/30/15,230581
10/23/15,229518
10/16/15,226148
10/9/15,221878
10/2/15,219487
9/25/15,214744
9/18/15,209595
9/11/15,206749
9/4/15,207088
8/28/15,204390
8/21/15,201814
8/14/15,203555
8/7/15,203816
7/31/15,206687
7/24/15,210088
7/17/15,213252
7/10/15,210756
7/3/15,212877
6/26/15,213141
6/19/15,209267
6/12/15,213430
6/5/15,215305
5/29/15,216869
5/22/15,220386
5/15/15,221408
5/8/15,220615
5/1/15,221387
4/24/15,222519
4/17/15,221204
4/10/15,215679
4/3/15,215038
3/27/15,206665
3/20/15,205293
3/13/15,203731
3/6/15,200461
2/27/15,197474
2/20/15,192085
2/13/15,187798
2/6/15,185753
1/30/15,183975
1/23/15,180347
1/16/15,174839
1/9/15,173585
1/2/15,172676
12/26/14,176983
12/19/14,176547
12/12/14,171272
12/5/14,171928
11/28/14,171782
11/21/14,173342
11/14/14,173248
11/7/14,171350
10/31/14,174863
10/24/14,174148
10/17/14,175104
10/10/14,169725
10/3/14,164459
9/26/14,163776
9/19/14,165987
9/12/14,167898
9/5/14,168565
8/29/14,169165
8/22/14,168506
8/15/14,170629
8/8/14,176098
8/1/14,174146
7/25/14,176452
7/18/14,176005
7/11/14,176915
7/4/14,179639
6/27/14,183826
6/20/14,186843
6/13/14,184827
6/6/14,186044
5/30/14,186186
5/23/14,192231
5/16/14,189094
5/9/14,194799
5/2/14,192473
4/25/14,194087
4/18/14,188414
4/11/14,185977
4/4/14,180807
3/28/14,177890
3/21/14,179233
3/14/14,173172
3/7/14,168425
2/28/14,161148
2/21/14,156769
2/14/14,155222
2/7/14,152711
1/31/14,149265
1/24/14,145828
1/17/14,141348
1/10/14,140478
1/3/14,145767
12/27/13,152460
12/20/13,156261
12/13/13,161405
12/6/13,164453
11/29/13,171866
11/22/13,174641
11/15/13,172738
11/8/13,176367
11/1/13,174925
10/25/13,177684
10/18/13,174903
10/11/13,169140
10/4/13,169125
9/27/13,164240
9/20/13,160433
9/13/13,157838
9/6/13,161064
8/30/13,159200
8/23/13,158629
8/16/13,154268
8/9/13,155068
8/2/13,159312
7/26/13,159200
7/19/13,157980
7/12/13,156051
7/5/13,162107
6/28/13,166243
6/21/13,172354
6/14/13,172940
6/7/13,174109
5/31/13,171553
5/24/13,174075
5/17/13,171509
5/10/13,172740
5/3/13,173714
4/26/13,176172
4/19/13,168496
4/12/13,165651
4/5/13,167493
3/29/13,167027
3/22/13,166051
3/15/13,164484
3/8/13,162131
3/1/13,158789
2/22/13,155370
2/15/13,154285
2/8/13,150816
2/1/13,150320
1/25/13,147096
1/18/13,145183
1/11/13,139751
1/4/13,143558
12/28/12,145518
12/21/12,155815
12/14/12,157736
12/7/12,159391
11/30/12,159335
11/23/12,162415
11/16/12,162354
11/9/12,163777
11/2/12,165383
10/26/12,164717
10/19/12,166413
10/12/12,160869
10/5/12,160656
9/28/12,159738
9/21/12,161195
9/14/12,161074
9/7/12,156316
8/31/12,156051
8/24/12,163127
8/17/12,159952
8/10/12,162373
8/3/12,165908
7/27/12,166554
7/20/12,170425
7/13/12,169395
7/6/12,169262
6/29/12,170248
6/22/12,174591
6/15/12,171355
6/8/12,169913
6/1/12,170373
5/25/12,170531
5/18/12,169627
5/11/12,170702
5/4/12,169656
4/27/12,166646
4/20/12,165090
4/13/12,162010
4/6/12,161125
3/30/12,159086
3/23/12,152977
3/16/12,147001
3/9/12,146330
3/2/12,143003
2/24/12,145727
2/17/12,143815
2/10/12,144320
2/3/12,142602
1/27/12,144816
1/20/12,141527
1/13/12,138277
1/6/12,142791
12/30/11,137190
12/23/11,136273
12/16/11,131999
12/9/11,138933
12/2/11,143965
11/25/11,144217
11/18/11,143571
11/11/11,145813
11/4/11,147087
10/28/11,149660
10/21/11,150494
10/14/11,145737
10/7/11,147053
9/30/11,146475
9/23/11,151712
9/16/11,148902
9/9/11,156462
9/2/11,164210
8/26/11,166367
8/19/11,164621
8/12/11,164106
8/5/11,157842
7/29/11,161074
7/22/11,158112
7/15/11,152613
7/8/11,156019
7/1/11,160455
6/24/11,160805
6/17/11,165186
6/10/11,167036
6/3/11,166352
5/27/11,168959
5/20/11,167078
5/13/11,164467
5/6/11,164677
4/29/11,163359
4/22/11,159402
4/15/11,155701
4/8/11,155957
4/1/11,155553
3/25/11,156005
3/18/11,155293
3/11/11,155880
3/4/11,153015
2/25/11,149428
2/18/11,153109
2/11/11,152731
2/4/11,154273
1/28/11,154835
1/21/11,149901
1/14/11,144003
1/7/11,137127
12/31/10,144604
12/24/10,146193
12/17/10,151048
12/10/10,157123
12/3/10,166144
11/26/10,168109
11/19/10,165420
11/12/10,167319
11/5/10,174124
10/29/10,175582
10/22/10,174335
10/15/10,173838
10/8/10,172661
10/1/10,172260
9/24/10,170386
9/17/10,169313
9/10/10,168785
9/3/10,170722
8/27/10,172043
8/20/10,168876
8/13/10,164365
8/6/10,165637
7/30/10,164974
7/23/10,168738
7/16/10,160554
7/9/10,161509
7/2/10,166268
6/25/10,167146
6/18/10,164648
6/11/10,162546
6/4/10,162294
5/28/10,166918
5/21/10,170030
5/14/10,168242
5/7/10,169040
4/30/10,171712
4/23/10,169196
4/16/10,167916
4/9/10,170544
4/2/10,172476
3/26/10,171244
3/19/10,170019
3/12/10,166052
3/5/10,166426
2/26/10,165783
2/19/10,164029
2/12/10,161860
2/5/10,157160
1/29/10,154926
1/22/10,149953
1/15/10,150935
1/8/10,147438
1/1/10,144718
12/25/09,141856
12/18/09,141277
12/11/09,145217
12/4/09,150298
11/27/09,157021
11/20/09,156663
11/13/09,153780
11/6/09,159980
10/30/09,159149
10/23/09,162817
10/16/09,164332
10/9/09,166385
10/2/09,162333
9/25/09,163053
9/18/09,160894
9/11/09,157161
9/4/09,157035
8/28/09,162221
8/21/09,162225
8/14/09,161207
8/7/09,167945
7/31/09,167754
7/24/09,167992
7/17/09,166315
7/10/09,164682
7/3/09,166448
6/26/09,168412
6/19/09,169971
6/12/09,170218
6/5/09,173119
5/29/09,176067
5/22/09,171417
5/15/09,175664
5/8/09,179844
5/1/09,182159
4/24/09,183974
4/17/09,180499
4/10/09,175557
4/3/09,174857
3/27/09,172770
3/20/09,169892
3/13/09,166371
3/6/09,165787
2/27/09,165070
2/20/09,168324
2/13/09,168958
2/6/09,166912
1/30/09,163266
1/23/09,158659
1/16/09,154502
1/9/09,151383
1/2/09,147806
12/26/08,144311
12/19/08,144498
12/12/08,151287
12/5/08,154329
11/28/08,156102
11/21/08,156706
11/14/08,152804
11/7/08,151487
10/31/08,152506
10/24/08,156173
10/17/08,155101
10/10/08,153529
10/3/08,151170
9/26/08,144506
9/19/08,138300
9/12/08,141425
9/5/08,145572
8/29/08,143781
8/22/08,145539
8/15/08,145326
8/8/08,134572
8/1/08,137530
7/25/08,136081
7/18/08,135063
7/11/08,134779
7/4/08,132699
6/27/08,134767
6/20/08,137190
6/13/08,134745
6/6/08,135528
5/30/08,139011
5/23/08,142308
5/16/08,151578
5/9/08,157885
5/2/08,156541
4/25/08,154479
4/18/08,153462
4/11/08,153442
4/4/08,153110
3/28/08,155513
3/21/08,150989
3/14/08,153319
3/7/08,151594
2/29/08,148702
2/22/08,148227
2/15/08,144881
2/8/08,141922
2/1/08,142886
1/25/08,136162
1/18/08,132401
1/11/08,130057
1/4/08,127081
12/28/07,134129
12/21/07,135275
12/14/07,138627
12/7/07,144463
11/30/07,139954
11/23/07,145888
11/16/07,149209
11/9/07,151097
11/2/07,150106
10/26/07,153540
10/19/07,157050
10/12/07,160508
10/5/07,160928
9/28/07,160528
9/21/07,160023
9/14/07,157055
9/7/07,161798
8/31/07,165248
8/24/07,169597
8/17/07,170813
8/10/07,169822
8/3/07,175832
7/27/07,178096
7/20/07,182073
7/13/07,184022
7/6/07,181340
6/29/07,179090
6/22/07,174048
6/15/07,172735
6/8/07,166198
6/1/07,168102
5/25/07,166796
5/18/07,167508
5/11/07,167543
5/4/07,165159
4/27/07,163638
4/20/07,163765
4/13/07,162407
4/6/07,162554
3/30/07,158873
3/23/07,159299
3/16/07,159861
3/9/07,160799
3/2/07,161037
2/23/07,165916
2/16/07,167118
2/9/07,166892
2/2/07,165143
1/26/07,164590
1/19/07,162157
1/12/07,161459
1/5/07,152957
12/29/06,155631
12/22/06,155040
12/15/06,154736
12/8/06,164429
12/1/06,169325
11/24/06,168125
11/17/06,165805
11/10/06,165136
11/3/06,164907
10/27/06,164369
10/20/06,161633
10/13/06,165813
10/6/06,165834
9/29/06,163291
9/22/06,162369
9/15/06,160036
9/8/06,163476
9/1/06,164234
8/25/06,165390
8/18/06,163306
8/11/06,162848
8/4/06,163373
7/28/06,161723
7/21/06,163247
7/14/06,165418
7/7/06,164200
6/30/06,166930
6/23/06,170338
6/16/06,172173
6/9/06,174902
6/2/06,173346
5/26/06,173252
5/19/06,171515
5/12/06,174622
5/5/06,175020
4/28/06,176879
4/21/06,173389
4/14/06,172953
4/7/06,174479
3/31/06,173041
3/24/06,173077
3/17/06,169526
3/10/06,170174
3/3/06,166644
2/24/06,164608
2/17/06,165092
2/10/06,164319
2/3/06,162583
1/27/06,159296
1/20/06,158979
1/13/06,160123
1/6/06,156804
12/30/05,160240
12/23/05,161008
12/16/05,158372
12/9/05,159087
12/2/05,158934
11/25/05,156644
11/18/05,159419
11/11/05,160037
11/4/05,163880
10/28/05,160014
10/21/05,159771
10/14/05,157130
10/7/05,152654
9/30/05,151102
9/23/05,151246
9/16/05,152835
9/9/05,153136
9/2/05,161134
8/26/05,162344
8/19/05,161696
8/12/05,160454
8/5/05,160954
7/29/05,161062
7/22/05,158982
7/15/05,161172
7/8/05,158238
7/1/05,161244
6/24/05,161715
6/17/05,159109
6/10/05,161653
6/3/05,162310
5/27/05,164901
5/20/05,162996
5/13/05,164573
5/6/05,161877
4/29/05,159654
4/22/05,159931
4/15/05,157136
4/8/05,155774
4/1/05,152609
3/25/05,151510
3/18/05,146764
3/11/05,145559
3/4/05,144599
2/25/05,142267
2/18/05,141429
2/11/05,143471
2/4/05,144179
1/28/05,141748
1/21/05,140860
1/14/05,137803
1/7/05,133866
12/31/04,137004
12/24/04,139876
12/17/04,142143
12/10/04,140981
12/3/04,142025
11/26/04,140987
11/19/04,139769
11/12/04,142112
11/5/04,140363
10/29/04,138741
10/22/04,134655
10/15/04,133920
10/8/04,133690
10/1/04,131869
9/24/04,128371
9/17/04,124876
9/10/04,127780
9/3/04,133316
8/27/04,135866
8/20/04,138104
8/13/04,140560
8/6/04,142813
7/30/04,142703
7/23/04,142226
7/16/04,144412
7/9/04,146326
7/2/04,147476
6/25/04,144817
6/18/04,143214
6/11/04,141669
6/4/04,139611
5/28/04,141855
5/21/04,141674
5/14/04,142678
5/7/04,140454
4/30/04,141850
4/23/04,142515
4/16/04,137115
4/9/04,140504
4/2/04,139975
3/26/04,141363
3/19/04,139486
3/12/04,131311
3/5/04,130640
2/27/04,127110
2/20/04,125413
2/13/04,124102
2/6/04,123217
1/30/04,124019
1/23/04,120067
1/16/04,118913
1/9/04,118395
1/2/04,122277
12/26/03,125438
12/19/03,127160
12/12/03,128738
12/5/03,130828
11/28/03,133328
11/21/03,137390
11/14/03,139266
11/7/03,139653
10/31/03,137304
10/24/03,139543
10/17/03,133816
10/10/03,133144
10/3/03,131246
9/26/03,127719
9/19/03,130975
9/12/03,131496
9/5/03,129088
8/29/03,130406
8/22/03,132373
8/15/03,130078
8/8/03,130563
8/1/03,131168
7/25/03,131524
7/18/03,130284
7/11/03,132664
7/4/03,134247
6/27/03,132252
6/20/03,130526
6/13/03,133322
6/6/03,131882
5/30/03,134546
5/23/03,132256
5/16/03,132853
5/9/03,134313
5/2/03,136111
4/25/03,136304
4/18/03,134873
4/11/03,130936
4/4/03,134404
3/28/03,136385
3/21/03,131509
3/14/03,127399
3/7/03,125080
2/28/03,131836
2/21/03,130140
2/14/03,133130
2/7/03,124636
1/31/03,129327
1/24/03,130831
1/17/03,130844
1/10/03,128594
1/3/03,133541
12/27/02,131702
12/20/02,140355
12/13/02,143384
12/6/02,147455
11/29/02,146390
11/22/02,142965
11/15/02,144048
11/8/02,141707
11/1/02,146011
10/25/02,142898
10/18/02,141018
10/11/02,138067
10/4/02,126601
9/27/02,134602
9/20/02,141861
9/13/02,141702
9/6/02,142763
8/30/02,144728
8/23/02,145490
8/16/02,144455
8/9/02,142732
8/2/02,146767
7/26/02,148281
7/19/02,149140
7/12/02,152627
7/5/02,154865
6/28/02,157480
6/21/02,158109
6/14/02,159226
6/7/02,159657
5/31/02,160024
5/24/02,156660
5/17/02,157319
5/10/02,157144
5/3/02,156525
4/26/02,156189
4/19/02,152137
4/12/02,147285
4/5/02,151018
3/29/02,151974
3/22/02,145629
3/15/02,150039
3/8/02,148073
3/1/02,150236
2/22/02,149942
2/15/02,151242
2/8/02,153427
2/1/02,150774
1/25/02,149288
1/18/02,149789
1/11/02,147254
1/4/02,145499
12/28/01,146651
12/21/01,148118
12/14/01,145313
12/7/01,144829
11/30/01,148349
11/23/01,143015
11/16/01,148460
11/9/01,149953
11/2/01,153720
10/26/01,148375
10/19/01,146093
10/12/01,147504
10/5/01,148279
9/28/01,148189
9/21/01,148999
9/14/01,145461
9/7/01,145658
8/31/01,146455
8/24/01,144923
8/17/01,143501
8/10/01,143489
8/3/01,146486
7/27/01,148290
7/20/01,151096
7/13/01,150841
7/6/01,141148
6/29/01,142236
6/22/01,145653
6/15/01,144878
6/8/01,143968
6/1/01,152071
5/25/01,151474
5/18/01,154477
5/11/01,152376
5/4/01,149264
4/27/01,148880
4/20/01,145593
4/13/01,148679
4/6/01,142791
3/30/01,140297
3/23/01,141377
3/16/01,134523
3/9/01,128947
3/2/01,119723
2/23/01,123058
2/16/01,120977
2/9/01,130387
2/2/01,129452
1/26/01,127303
1/19/01,130978
1/12/01,130186
1/5/01,130326
12/29/00,132186
12/22/00,132367
12/15/00,131577
12/8/00,130116
12/1/00,134373
11/24/00,133246
11/17/00,132251
11/10/00,130292
11/3/00,134198
10/27/00,132309
10/20/00,129920
10/13/00,128092
10/6/00,132409
9/29/00,131208
9/22/00,133636
9/15/00,132541
9/8/00,137678
9/1/00,134703
8/25/00,133879
8/18/00,129901
8/11/00,131130
8/4/00,127588
7/28/00,130916
7/21/00,136359
7/14/00,136132
7/7/00,139156
6/30/00,133600
6/23/00,134018
6/16/00,132710
6/9/00,136451
6/2/00,138328
5/26/00,140161
5/19/00,143595
5/12/00,146816
5/5/00,144016
4/28/00,139297
4/21/00,142649
4/14/00,138301
4/7/00,132825
3/31/00,133687
3/24/00,130060
3/17/00,130998
3/10/00,131118
3/3/00,131687
2/25/00,128619
2/18/00,131518
2/11/00,131969
2/4/00,129427
1/28/00,128437
1/21/00,136032
1/14/00,136808
1/7/00,138078
12/31/99,130414
12/24/99,131244
12/17/99,131718
12/10/99,133570
12/3/99,136603
11/26/99,136872
11/19/99,137757
11/12/99,141948
11/5/99,141846
10/29/99,138609
10/22/99,141811
10/15/99,143745
10/8/99,138291
10/1/99,146253
9/24/99,145960
9/17/99,150294
9/10/99,147004
9/3/99,148718
8/27/99,152301
8/20/99,150185
8/13/99,152742
8/6/99,155453
7/30/99,154202
7/23/99,155913
7/16/99,155906
7/9/99,153885
7/2/99,153747
6/25/99,154260
6/18/99,156554
6/11/99,158209
6/4/99,153779
5/28/99,157889
5/21/99,156718
5/14/99,157127
5/7/99,158806
4/30/99,162026
4/23/99,163019
4/16/99,165591
4/9/99,164302
4/2/99,160125
3/26/99,163315
3/19/99,164355
3/12/99,162144
3/5/99,163335
2/26/99,161338
2/19/99,159563
2/12/99,157948
2/5/99,159156
1/29/99,159677
1/22/99,160665
1/15/99,163309
1/8/99,157541
1/1/99,155501
12/25/98,165357
12/18/98,165371
12/11/98,165629
12/4/98,162398
11/27/98,164254
11/20/98,168753
11/13/98,165395
11/6/98,165787
10/30/98,165281
10/23/98,163627
10/16/98,164166
10/9/98,159534
10/2/98,157633
9/25/98,153344
9/18/98,146893
9/11/98,153140
9/4/98,156386
8/28/98,162929
8/21/98,162921
8/14/98,164411
8/7/98,165574
7/31/98,165823
7/24/98,164430
7/17/98,161730
7/10/98,156116
7/3/98,157923
6/26/98,158867
6/19/98,156000
6/12/98,159074
6/5/98,159621
5/29/98,160445
5/22/98,162810
5/15/98,163828
5/8/98,158108
5/1/98,159889
4/24/98,157561
4/17/98,159399
4/10/98,152540
4/3/98,149704
3/27/98,148957
3/20/98,146116
3/13/98,141846
3/6/98,145206
2/27/98,146695
2/20/98,149744
2/13/98,146007
2/6/98,142653
1/30/98,141462
1/23/98,139644
1/16/98,135934
1/9/98,130046
1/2/98,131884
12/26/97,135040
12/19/97,139206
12/12/97,140131
12/5/97,139824
11/28/97,142507
11/21/97,142387
11/14/97,138380
11/7/97,135856
10/31/97,136451
10/24/97,133386
10/17/97,131327
10/10/97,135480
10/3/97,136608
9/26/97,133430
9/19/97,135440
9/12/97,138549
9/5/97,135702
8/29/97,139063
8/22/97,139662
8/15/97,143266
8/8/97,143275
8/1/97,134992
7/25/97,135080
7/18/97,142107
7/11/97,144791
7/4/97,144000
6/27/97,139870
6/20/97,141280
6/13/97,142831
6/6/97,143163
5/30/97,140905
5/23/97,139664
5/16/97,139076
5/9/97,140914
5/2/97,136889
4/25/97,141925
4/18/97,140412
4/11/97,141342
4/4/97,139770
3/28/97,141457
3/21/97,138535
3/14/97,139057
3/7/97,135302
2/28/97,132834
2/21/97,137484
2/14/97,140078
2/7/97,132473
1/31/97,127024
1/24/97,126660
1/17/97,123399
1/10/97,125204
1/3/97,121582
12/27/96,128692
12/20/96,129308
12/13/96,131517
12/6/96,135583
11/29/96,134023
11/22/96,133856
11/15/96,140874
11/8/96,140817
11/1/96,138098
10/25/96,131430
10/18/96,130998
10/11/96,127745
10/4/96,129126
9/27/96,131765
9/20/96,131290
9/13/96,131238
9/6/96,129600
8/30/96,134706
8/23/96,138651
8/16/96,132833
8/9/96,131941
8/2/96,135070
7/26/96,135011
7/19/96,131637
7/12/96,134200
7/5/96,140087
6/28/96,136184
6/21/96,133073
6/14/96,132145
6/7/96,133373
5/31/96,135689
5/24/96,130284
5/17/96,127483
5/10/96,128620
5/3/96,128195
4/26/96,126370
4/19/96,124677
4/12/96,126386
4/5/96,125192
3/29/96,120781
3/22/96,122847
3/15/96,126489
3/8/96,128911
3/1/96,123923
2/23/96,129113
2/16/96,130006
2/9/96,129642
2/2/96,131701
1/26/96,129116
1/19/96,133561
1/12/96,128116
1/5/96,124864
12/29/95,124933
12/22/95,129352
12/15/95,132789
12/8/95,131746
12/1/95,134539
11/24/95,135302
11/17/95,135654
11/10/95,128697
11/3/95,125036
10/27/95,127317
10/20/95,129551
10/13/95,131099
10/6/95,129621
9/29/95,134987
9/22/95,138906
9/15/95,141166
9/8/95,141063
9/1/95,141677
8/25/95,134106
8/18/95,134463
8/11/95,137906
8/4/95,132906
7/28/95,139234
7/21/95,136231
7/14/95,140848
7/7/95,138709
6/30/95,139831
6/23/95,134462
6/16/95,137029
6/9/95,136748
6/2/95,137141
5/26/95,137422
5/19/95,138458
5/12/95,137974
5/5/95,140761
4/28/95,140259
4/21/95,145445
4/14/95,144304
4/7/95,141623
3/31/95,143605
3/24/95,137558
3/17/95,138175
3/10/95,140077
3/3/95,136582
2/24/95,135385
2/17/95,132634
2/10/95,130033
2/3/95,137486
1/27/95,134377
1/20/95,133659
1/13/95,138966
1/6/95,143030
12/30/94,145818
12/23/94,150271
12/16/94,152394
12/9/94,151503
12/2/94,153565
11/25/94,154847
11/18/94,151894
11/11/94,153105
11/4/94,158240
10/28/94,162574
10/21/94,155933
10/14/94,157392
10/7/94,157640
9/30/94,154221
9/23/94,153160
9/16/94,151569
9/9/94,150604
9/2/94,147850
8/26/94,150292
8/19/94,149558
8/12/94,150347
8/5/94,149426
7/29/94,154476
7/22/94,155331
7/15/94,153363
7/8/94,152167
7/1/94,153123
6/24/94,147686
6/17/94,146643
6/10/94,141886
6/3/94,148261
5/27/94,148747
5/20/94,151173
5/13/94,151239
5/6/94,150588
4/29/94,148069
4/22/94,152324
4/15/94,149803
4/8/94,150085
4/1/94,147029
3/25/94,145728
3/18/94,145801
3/11/94,139876
3/4/94,139903
2/25/94,138199
2/18/94,140500
2/11/94,136540
2/4/94,142984
1/28/94,134804
1/21/94,136910
1/14/94,142680
1/7/94,146816
12/31/93,150833
12/24/93,155039
12/17/93,158242
12/10/93,156713
12/3/93,154457
11/26/93,152331
11/19/93,149181
11/12/93,154670
11/5/93,149492
10/29/93,151193
10/22/93,153458
10/15/93,151999
10/8/93,149708
10/1/93,148989
9/24/93,148978
9/17/93,153191
9/10/93,155214
9/3/93,154132
8/27/93,155913
8/20/93,155399
8/13/93,160642
8/6/93,158910
7/30/93,160357
7/23/93,161024
7/16/93,163473
7/9/93,159558
7/2/93,158018
6/25/93,160948
6/18/93,157859
6/11/93,154585
6/4/93,156459
5/28/93,160055
5/21/93,158703
5/14/93,160166
5/7/93,159322
4/30/93,156084
4/23/93,154342
4/16/93,152866
4/9/93,159204
4/2/93,150191
3/26/93,146375
3/19/93,143064
3/12/93,148950
3/5/93,146305
2/26/93,142832
2/19/93,145926
2/12/93,150278
2/5/93,148272
1/29/93,146376
1/22/93,144736
1/15/93,145772
1/8/93,139743
1/1/93,137897
12/25/92,137920
12/18/92,148216
12/11/92,149829
12/4/92,144884
11/27/92,145056
11/20/92,143525
11/13/92,138491
11/6/92,141708
10/30/92,149451
10/23/92,147946
10/16/92,149232
10/9/92,148381
10/2/92,145743
9/25/92,149139
9/18/92,151975
9/11/92,147871
9/4/92,149655
8/28/92,146612
8/21/92,152983
8/14/92,150814
8/7/92,147495
7/31/92,147349
7/24/92,144538
7/17/92,144523
7/10/92,146637
7/3/92,142022
6/26/92,145491
6/19/92,150100
6/12/92,154913
6/5/92,154602
5/29/92,154526
5/22/92,155751
5/15/92,156017
5/8/92,155562
5/1/92,154666
4/24/92,152713
4/17/92,151371
4/10/92,150854
4/3/92,146709
3/27/92,145857
3/20/92,150619
3/13/92,149361
3/6/92,155241
2/28/92,150310
2/21/92,149929
2/14/92,146600
2/7/92,147037
1/31/92,148307
1/24/92,148251
1/17/92,145164
1/10/92,145680
1/3/92,140752
12/27/91,144986
12/20/91,149888
12/13/91,151541
12/6/91,153927
11/29/91,153032
11/22/91,153836
11/15/91,158059
11/8/91,156097
11/1/91,156048
10/25/91,157754
10/18/91,156732
10/11/91,152763
10/4/91,152544
9/27/91,153249
9/20/91,150435
9/13/91,151011
9/6/91,154029
8/30/91,157683
8/23/91,156969
8/16/91,155162
8/9/91,154468
8/2/91,152360
7/26/91,150343
7/19/91,155756
7/12/91,159369
7/5/91,158987
6/28/91,159285
6/21/91,159641
6/14/91,156845
6/7/91,157037
5/31/91,152471
5/24/91,149612
5/17/91,150366
5/10/91,145306
5/3/91,143128
4/26/91,148676
4/19/91,147006
4/12/91,149350
4/5/91,147289
3/29/91,147254
3/22/91,145236
3/15/91,146921
3/8/91,144097
3/1/91,143991
2/22/91,142886
2/15/91,144356
2/8/91,142087
2/1/91,136573
1/25/91,140751
1/18/91,139772
1/11/91,138550
1/4/91,136644
12/28/90,142026
12/21/90,146449
12/14/90,149281
12/7/90,147881
11/30/90,151102
11/23/90,153547
11/16/90,150239
11/9/90,152569
11/2/90,153628
10/26/90,152086
10/19/90,154583
10/12/90,158383
10/5/90,162889
9/28/90,166109
9/21/90,167620
9/14/90,170341
9/7/90,172021
8/31/90,167799
8/24/90,169943
8/17/90,165396
8/10/90,161947
8/3/90,165830
7/27/90,171921
7/20/90,169020
7/13/90,169065
7/6/90,169203
6/29/90,168440
6/22/90,171922
6/15/90,169997
6/8/90,171421
6/1/90,168882
5/25/90,168053
5/18/90,165400
5/11/90,163853
5/4/90,162004
4/27/90,162755
4/20/90,162273
4/13/90,163904
4/6/90,166329
3/30/90,161278
3/23/90,156099
3/16/90,151179
3/9/90,153191
3/2/90,150319
2/23/90,150561
2/16/90,155995
2/9/90,157053
2/2/90,157359
1/26/90,152163
1/19/90,152380
1/12/90,151738
1/5/90,145494