week,gas_stocks
1/16/26,94621
1/9/26,94805
1/2/26,93324
12/26/25,91029
12/19/25,88067
12/12/25,87002
12/5/25,86656
11/28/25,85533
11/21/25,81294
11/14/25,79051
11/7/25,77562
10/31/25,76580
10/24/25,78382
10/17/25,78964
10/10/25,79311
10/3/25,79729
9/26/25,79790
9/19/25,78300
9/12/25,80240
9/5/25,81888
8/29/25,81298
8/22/25,83935
8/15/25,82990
8/8/25,85617
8/1/25,86177
7/25/25,87030
7/18/25,86665
7/11/25,85440
7/4/25,83434
6/27/25,86087
6/20/25,83561
6/13/25,87639
6/6/25,87169
5/30/25,87888
5/23/25,86912
5/16/25,84954
5/9/25,84128
5/2/25,82078
4/25/25,82610
4/18/25,83456
4/11/25,83877
4/4/25,84012
3/28/25,82961
3/21/25,82010
3/14/25,79850
3/7/25,77882
2/28/25,82056
2/21/25,82588
2/14/25,85590
2/7/25,86898
1/31/25,89654
1/24/25,91617
1/17/25,90794
1/10/25,87341
1/3/25,85430
12/27/24,86358
12/20/24,83346
12/13/24,82660
12/6/24,82755
11/29/24,81787
11/22/24,81971
11/15/24,79198
11/8/24,78760
11/1/24,80566
10/25/24,79062
10/18/24,79325
10/11/24,76242
10/4/24,76949
9/27/24,80586
9/20/24,81190
9/13/24,82889
9/6/24,78621
8/30/24,76952
8/23/24,76302
8/16/24,79103
8/9/24,80091
8/2/24,83228
7/26/24,83030
7/19/24,87058
7/12/24,88889
7/5/24,86062
6/28/24,86820
6/21/24,90003
6/14/24,88749
6/7/24,87201
5/31/24,86870
5/24/24,87046
5/17/24,83789
5/10/24,84610
5/3/24,83752
4/26/24,84983
4/19/24,85929
4/12/24,84441
4/5/24,84779
3/29/24,81127
3/22/24,80510
3/15/24,76580
3/8/24,78399
3/1/24,78987
2/23/24,82475
2/16/24,82982
2/9/24,84398
2/2/24,84656
1/26/24,89801
1/19/24,90589
1/12/24,90999
1/5/24,90192
12/29/23,87607
12/22/23,83573
12/15/23,86404
12/8/23,84600
12/1/23,87533
11/24/23,84953
11/17/23,84949
11/10/23,84731
11/3/23,85062
10/27/23,87023
10/20/23,86964
10/13/23,85117
10/6/23,85104
9/29/23,85732
9/22/23,84603
9/15/23,81278
9/8/23,82050
9/1/23,79550
8/25/23,80949
8/18/23,81855
8/11/23,81535
8/4/23,79886
7/28/23,81356
7/21/23,79576
7/14/23,81469
7/7/23,82514
6/30/23,84076
6/23/23,86245
6/16/23,82525
6/9/23,84996
6/2/23,83190
5/26/23,83898
5/19/23,85045
5/12/23,85750
5/5/23,85125
4/28/23,86015
4/21/23,83735
4/14/23,84735
4/7/23,83938
3/31/23,81585
3/24/23,81979
3/17/23,81982
3/10/23,85110
3/3/23,84874
2/24/23,86951
2/17/23,86805
2/10/23,88242
2/3/23,87715
1/27/23,85249
1/20/23,84416
1/13/23,85307
1/6/23,80860
12/30/22,80038
12/23/22,84096
12/16/22,85234
12/9/22,85679
12/2/22,83358
11/25/22,82949
11/18/22,82721
11/11/22,79597
11/4/22,77621
10/28/22,78943
10/21/22,78719
10/14/22,78065
10/7/22,79068
9/30/22,78611
9/23/22,82388
9/16/22,82435
9/9/22,82670
9/2/22,84615
8/26/22,83388
8/19/22,81398
8/12/22,83781
8/5/22,85940
7/29/22,88155
7/22/22,86759
7/15/22,86244
7/8/22,85499
7/1/22,82995
6/24/22,83862
6/17/22,83315
6/10/22,82661
6/3/22,83222
5/27/22,86634
5/20/22,83803
5/13/22,83908
5/6/22,85578
4/29/22,87155
4/22/22,89280
4/15/22,86905
4/8/22,85979
4/1/22,86107
3/25/22,86701
3/18/22,85415
3/11/22,84883
3/4/22,85713
2/25/22,85570
2/18/22,84905
2/11/22,84313
2/4/22,86052
1/28/22,85300
1/21/22,85313
1/14/22,85719
1/7/22,82854
12/31/21,81903
12/24/21,80512
12/17/21,80299
12/10/21,78956
12/3/21,81143
11/26/21,81079
11/19/21,78690
11/12/21,79168
11/5/21,79645
10/29/21,81460
10/22/21,79910
10/15/21,80912
10/8/21,82448
10/1/21,82035
9/24/21,82341
9/17/21,81522
9/10/21,79996
9/3/21,81805
8/27/21,84961
8/20/21,84903
8/13/21,84690
8/6/21,82575
7/30/21,82068
7/23/21,82445
7/16/21,81531
7/9/21,81104
7/2/21,80484
6/25/21,85189
6/18/21,85523
6/11/21,89805
6/4/21,90709
5/28/21,88823
5/21/21,89156
5/14/21,91417
5/7/21,85684
4/30/21,85708
4/23/21,83600
4/16/21,81764
4/9/21,82713
4/2/21,80443
3/26/21,79605
3/19/21,77836
3/12/21,76954
3/5/21,76187
2/26/21,79849
2/19/21,90877
2/12/21,90073
2/5/21,89700
1/29/21,87701
1/22/21,83633
1/15/21,82777
1/8/21,82743
1/1/21,82087
12/25/20,81953
12/18/20,80733
12/11/20,81063
12/4/20,80735
11/27/20,82059
11/20/20,79406
11/13/20,80094
11/6/20,78954
10/30/20,81574
10/23/20,80010
10/16/20,81674
10/9/20,80049
10/2/20,80449
9/25/20,84187
9/18/20,84211
9/11/20,84382
9/4/20,86554
8/28/20,87164
8/21/20,90046
8/14/20,89325
8/7/20,92884
7/31/20,91896
7/24/20,91045
7/17/20,89723
7/10/20,87694
7/3/20,91586
6/26/20,91085
6/19/20,90147
6/12/20,90842
6/5/20,91742
5/29/20,91648
5/22/20,89162
5/15/20,90253
5/8/20,88342
5/1/20,89541
4/24/20,88106
4/17/20,87145
4/10/20,85907
4/3/20,81897
3/27/20,79800
3/20/20,82322
3/13/20,82698
3/6/20,84019
2/28/20,87758
2/21/20,91558
2/14/20,92978
2/7/20,93255
1/31/20,93984
1/24/20,95781
1/17/20,95307
1/10/20,94337
1/3/20,90969
12/27/19,85595
12/20/19,85696
12/13/19,83449
12/6/19,83473
11/29/19,82982
11/22/19,82867
11/15/19,80656
11/8/19,78505
11/1/19,78428
10/25/19,79059
10/18/19,78620
10/11/19,79090
10/4/19,80353
9/27/19,79388
9/20/19,80323
9/13/19,78649
9/6/19,76008
8/30/19,77177
8/23/19,80317
8/16/19,83277
8/9/19,84372
8/2/19,84758
7/26/19,83849
7/19/19,82992
7/12/19,83814
7/5/19,81746
6/28/19,84658
6/21/19,83685
6/14/19,83470
6/7/19,84560
5/31/19,82896
5/24/19,84713
5/17/19,83466
5/10/19,82952
5/3/19,81449
4/26/19,81986
4/19/19,80255
4/12/19,82083
4/5/19,80724
3/29/19,81449
3/22/19,80844
3/15/19,83071
3/8/19,85514
3/1/19,87216
2/22/19,87436
2/15/19,89558
2/8/19,90480
2/1/19,84756
1/25/19,86630
1/18/19,90585
1/11/19,90960
1/4/19,89374
12/28/18,89177
12/21/18,85668
12/14/18,83552
12/7/18,83809
11/30/18,80781
11/23/18,82817
11/16/18,83759
11/9/18,81823
11/2/18,82933
10/26/18,80574
10/19/18,77875
10/12/18,78133
10/5/18,78362
9/28/18,79573
9/21/18,81477
9/14/18,80556
9/7/18,81229
8/31/18,80629
8/24/18,80869
8/17/18,81493
8/10/18,80155
8/3/18,79610
7/27/18,78319
7/20/18,79020
7/13/18,79920
7/6/18,81585
6/29/18,82672
6/22/18,83125
6/15/18,83603
6/8/18,80217
6/1/18,81989
5/25/18,78894
5/18/18,78918
5/11/18,78149
5/4/18,79143
4/27/18,81875
4/20/18,82478
4/13/18,81011
4/6/18,81692
3/30/18,83232
3/23/18,84202
3/16/18,83784
3/9/18,84869
3/2/18,85708
2/23/18,85265
2/16/18,83428
2/9/18,83460
2/2/18,81220
1/26/18,81074
1/19/18,83520
1/12/18,84334
1/5/18,81711
12/29/17,84071
12/22/17,84270
12/15/17,83992
12/8/17,81563
12/1/17,78399
11/24/17,76897
11/17/17,77016
11/10/17,76577
11/3/17,77992
10/27/17,78803
10/20/17,77653
10/13/17,80053
10/6/17,77071
9/29/17,76092
9/22/17,74214
9/15/17,76301
9/8/17,78701
9/1/17,82351
8/25/17,82411
8/18/17,81779
8/11/17,81958
8/4/17,81772
7/28/17,80387
7/21/17,81636
7/14/17,78766
7/7/17,80934
6/30/17,82644
6/23/17,82341
6/16/17,82794
6/9/17,81270
6/2/17,80884
5/26/17,80080
5/19/17,80047
5/12/17,80249
5/5/17,79184
4/28/17,80126
4/21/17,79259
4/14/17,79184
4/7/17,76676
3/31/17,78514
3/24/17,78489
3/17/17,79988
3/10/17,79956
3/3/17,79307
2/24/17,81631
2/17/17,81702
2/10/17,83391
2/3/17,83203
1/27/17,85188
1/20/17,85990
1/13/17,83665
1/6/17,82741
12/30/16,82453
12/23/16,79098
12/16/16,79509
12/9/16,79953
12/2/16,81697
11/25/16,82323
11/18/16,80681
11/11/16,82222
11/4/16,82580
10/28/16,78912
10/21/16,77124
10/14/16,79958
10/7/16,82177
9/30/16,83876
9/23/16,84995
9/16/16,83681
9/9/16,78916
9/2/16,76586
8/26/16,78513
8/19/16,77958
8/12/16,76595
8/5/16,77267
7/29/16,78585
7/22/16,80235
7/15/16,78853
7/8/16,79301
7/1/16,79815
6/24/16,78047
6/17/16,79602
6/10/16,80841
6/3/16,81032
5/27/16,81826
5/20/16,82218
5/13/16,83061
5/6/16,83214
4/29/16,81249
4/22/16,83215
4/15/16,82636
4/8/16,83334
4/1/16,83548
3/25/16,82038
3/18/16,80730
3/11/16,81271
3/4/16,81289
2/26/16,83497
2/19/16,82510
2/12/16,85464
2/5/16,83717
1/29/16,83608
1/22/16,84657
1/15/16,86276
1/8/16,82612
1/1/16,83114
12/25/15,80297
12/18/15,76896
12/11/15,75460
12/4/15,75107
11/27/15,76024
11/20/15,75941
11/13/15,75083
11/6/15,73243
10/30/15,73641
10/23/15,75951
10/16/15,75521
10/9/15,74731
10/2/15,76860
9/25/15,77329
9/18/15,76968
9/11/15,73551
9/4/15,73853
8/28/15,73612
8/21/15,74523
8/14/15,73407
8/7/15,75264
7/31/15,75413
7/24/15,73776
7/17/15,73547
7/10/15,72993
7/3/15,74489
6/26/15,72382
6/19/15,75010
6/12/15,74409
6/5/15,74556
5/29/15,74999
5/22/15,76750
5/15/15,76516
5/8/15,76706
5/1/15,76312
4/24/15,75971
4/17/15,74864
4/10/15,77827
4/3/15,78584
3/27/15,77888
3/20/15,80163
3/13/15,78613
3/6/15,79740
2/27/15,79056
2/20/15,77911
2/13/15,78183
2/6/15,79498
1/30/15,78283
1/23/15,80968
1/16/15,81321
1/9/15,80567
1/2/15,81492
12/26/14,80262
12/19/14,79851
12/12/14,82021
12/5/14,81350
11/28/14,78525
11/21/14,77796
11/14/14,75213
11/7/14,75812
10/31/14,73299
10/24/14,73637
10/17/14,72742
10/10/14,71795
10/3/14,72378
9/26/14,72606
9/19/14,72360
9/12/14,74485
9/5/14,74019
8/29/14,73461
8/22/14,75196
8/15/14,74251
8/8/14,74148
8/1/14,74814
7/25/14,75471
7/18/14,73530
7/11/14,70913
7/4/14,70513
6/27/14,70663
6/20/14,70911
6/13/14,69571
6/6/14,72125
5/30/14,72379
5/23/14,72921
5/16/14,74353
5/9/14,74198
5/2/14,74736
4/25/14,74457
4/18/14,73354
4/11/14,73781
4/4/14,74540
3/28/14,76807
3/21/14,76305
3/14/14,77953
3/7/14,75684
2/28/14,77839
2/21/14,77505
2/14/14,76993
2/7/14,76493
1/31/14,76787
1/24/14,75325
1/17/14,77084
1/10/14,76551
1/3/14,75987
12/27/13,75617
12/20/13,76601
12/13/13,76294
12/6/13,74920
11/29/13,72233
11/22/13,72125
11/15/13,71980
11/8/13,72711
11/1/13,72367
10/25/13,74196
10/18/13,74223
10/11/13,76457
10/4/13,78579
9/27/13,79518
9/20/13,79391
9/13/13,77738
9/6/13,77880
8/30/13,75571
8/23/13,76557
8/16/13,75628
8/9/13,76660
8/2/13,77232
7/26/13,78394
7/19/13,76899
7/12/13,78168
7/5/13,76110
6/28/13,77871
6/21/13,76137
6/14/13,75548
6/7/13,75558
5/31/13,76994
5/24/13,75990
5/17/13,76576
5/10/13,74387
5/3/13,72610
4/26/13,71691
4/19/13,71859
4/12/13,73604
4/5/13,74169
3/29/13,74246
3/22/13,73367
3/15/13,72126
3/8/13,72902
3/1/13,73404
2/22/13,75507
2/15/13,77371
2/8/13,79979
2/1/13,80490
1/25/13,82098
1/18/13,82814
1/11/13,83800
1/4/13,81423
12/28/12,80270
12/21/12,81341
12/14/12,80578
12/7/12,78393
11/30/12,77299
11/23/12,74834
11/16/12,73932
11/9/12,76017
11/2/12,75095
10/26/12,70476
10/19/12,69016
10/12/12,70405
10/5/12,69407
9/28/12,67409
9/21/12,67234
9/14/12,65571
9/7/12,65104
8/31/12,66497
8/24/12,68908
8/17/12,70171
8/10/12,72358
8/3/12,71270
7/27/12,72119
7/20/12,72581
7/13/12,70884
7/6/12,70439
6/29/12,69623
6/22/12,68708
6/15/12,67190
6/8/12,68022
6/1/12,69819
5/25/12,68047
5/18/12,69170
5/11/12,70806
5/4/12,71317
4/27/12,71569
4/20/12,69942
4/13/12,71544
4/6/12,70893
3/30/12,72172
3/23/12,73828
3/16/12,75080
3/9/12,73804
3/2/12,74591
2/24/12,73791
2/17/12,72999
2/10/12,74041
2/3/12,73402
1/27/12,72323
1/20/12,73034
1/13/12,74962
1/6/12,74855
12/30/11,75846
12/23/11,74504
12/16/11,75090
12/9/11,73675
12/2/11,73570
11/25/11,73351
11/18/11,74137
11/11/11,72932
11/4/11,71743
10/28/11,72512
10/21/11,70347
10/14/11,72012
10/7/11,73265
9/30/11,74885
9/23/11,75610
9/16/11,77704
9/9/11,76014
9/2/11,75044
8/26/11,74186
8/19/11,74110
8/12/11,72174
8/5/11,72364
7/29/11,73003
7/22/11,70925
7/15/11,71853
7/8/11,71652
7/1/11,71185
6/24/11,70710
6/17/11,71820
6/10/11,72509
6/3/11,73613
5/27/11,71984
5/20/11,69885
5/13/11,69047
5/6/11,68991
4/29/11,69329
4/22/11,69354
4/15/11,69099
4/8/11,68405
4/1/11,71538
3/25/11,68652
3/18/11,69753
3/11/11,70612
3/4/11,73134
2/25/11,76707
2/18/11,77673
2/11/11,79317
2/4/11,81359
1/28/11,80874
1/21/11,78596
1/14/11,79959
1/7/11,78677
12/31/10,77021
12/24/10,75939
12/17/10,76395
12/10/10,73959
12/3/10,74979
11/26/10,74475
11/19/10,74112
11/12/10,73702
11/5/10,73555
10/29/10,73544
10/22/10,73758
10/15/10,74384
10/8/10,73309
10/1/10,73994
9/24/10,75250
9/17/10,76399
9/10/10,76086
9/3/10,76552
8/27/10,76829
8/20/10,77560
8/13/10,75840
8/6/10,76621
7/30/10,77437
7/23/10,76582
7/16/10,76546
7/9/10,75285
7/2/10,73682
6/25/10,72870
6/18/10,73531
6/11/10,73929
6/4/10,73402
5/28/10,72889
5/21/10,73780
5/14/10,73613
5/7/10,73218
4/30/10,73932
4/23/10,73331
4/16/10,73365
4/9/10,72381
4/2/10,72351
3/26/10,72204
3/19/10,70727
3/12/10,70829
3/5/10,71098
2/26/10,73326
2/19/10,73955
2/12/10,74249
2/5/10,74483
1/29/10,74418
1/22/10,73685
1/15/10,72313
1/8/10,72063
1/1/10,70325
12/25/09,70558
12/18/09,71824
12/11/09,70595
12/4/09,70252
11/27/09,71298
11/20/09,68114
11/13/09,68934
11/6/09,69273
10/30/09,69472
10/23/09,69504
10/16/09,67900
10/9/09,68036
10/2/09,70299
9/25/09,71326
9/18/09,71404
9/11/09,71174
9/4/09,70067
8/28/09,68918
8/21/09,69928
8/14/09,69073
8/7/09,69367
7/31/09,70365
7/24/09,70016
7/17/09,71703
7/10/09,71996
7/3/09,71095
6/26/09,70581
6/19/09,69899
6/12/09,68289
6/5/09,68710
5/29/09,70246
5/22/09,70092
5/15/09,70061
5/8/09,71332
5/1/09,71848
4/24/09,70754
4/17/09,73350
4/10/09,71607
4/3/09,71895
3/27/09,71158
3/20/09,72177
3/13/09,71090
3/6/09,69438
2/27/09,69946
2/20/09,68489
2/13/09,69231
2/6/09,69995
1/30/09,71774
1/23/09,72437
1/16/09,71823
1/9/09,69197
1/2/09,66565
12/26/08,66910
12/19/08,69143
12/12/08,66164
12/5/08,64359
11/28/08,64447
11/21/08,64109
11/14/08,64857
11/7/08,66154
10/31/08,66590
10/24/08,65146
10/17/08,65439
10/10/08,64722
10/3/08,60419
9/26/08,55739
9/19/08,54657
9/12/08,57884
9/5/08,57740
8/29/08,61510
8/22/08,60853
8/15/08,61786
8/8/08,65036
8/1/08,65904
7/25/08,69917
7/18/08,69962
7/11/08,68205
7/4/08,67720
6/27/08,67296
6/20/08,66720
6/13/08,67891
6/6/08,70150
5/30/08,70932
5/23/08,69216
5/16/08,69400
5/9/08,69882
5/2/08,69094
4/25/08,70495
4/18/08,72643
4/11/08,70002
4/4/08,72436
3/28/08,70418
3/21/08,70743
3/14/08,69799
3/7/08,72036
2/29/08,71623
2/22/08,72040
2/15/08,69622
2/8/08,67923
2/1/08,67612
1/25/08,66894
1/18/08,64664
1/11/08,65397
1/4/08,64351
12/28/07,65361
12/21/07,66620
12/14/07,66824
12/7/07,66046
11/30/07,66258
11/23/07,64495
11/16/07,64629
11/9/07,64177
11/2/07,63421
10/26/07,64015
10/19/07,62724
10/12/07,62699
10/5/07,60746
9/28/07,59800
9/21/07,58615
9/14/07,58752
9/7/07,58188
8/31/07,59579
8/24/07,60561
8/17/07,62087
8/10/07,64038
8/3/07,63437
7/27/07,63653
7/20/07,62978
7/13/07,61839
7/6/07,64195
6/29/07,65780
6/22/07,65018
6/15/07,66410
6/8/07,67207
6/1/07,65398
5/25/07,63815
5/18/07,63679
5/11/07,62845
5/4/07,61411
4/27/07,61766
4/20/07,62445
4/13/07,63102
4/6/07,65550
3/30/07,64306
3/23/07,67673
3/16/07,67861
3/9/07,68321
3/2/07,68546
2/23/07,69263
2/16/07,68202
2/9/07,70790
2/2/07,71064
1/26/07,70933
1/19/07,69231
1/12/07,67574
1/5/07,67543
12/29/06,66997
12/22/06,65720
12/15/06,64984
12/8/06,63832
12/1/06,63369
11/24/06,64248
11/17/06,65229
11/10/06,65012
11/3/06,65417
10/27/06,66880
10/20/06,65540
10/13/06,64327
10/6/06,65845
9/29/06,66632
9/22/06,68648
9/15/06,67592
9/8/06,67101
9/1/06,65847
8/25/06,66832
8/18/06,67879
8/11/06,69477
8/4/06,70243
7/28/06,69437
7/21/06,67186
7/14/06,68867
7/7/06,67890
6/30/06,66997
6/23/06,66314
6/16/06,65689
6/9/06,65490
6/2/06,66878
5/26/06,67363
5/19/06,66623
5/12/06,68790
5/5/06,69604
4/28/06,68723
4/21/06,66034
4/14/06,65951
4/7/06,65605
3/31/06,66396
3/24/06,66394
3/17/06,68886
3/10/06,70891
3/3/06,71976
2/24/06,71372
2/17/06,72083
2/10/06,69704
2/3/06,68520
1/27/06,66725
1/20/06,65456
1/13/06,65016
1/6/06,63471
12/30/05,64000
12/23/05,63380
12/16/05,63090
12/9/05,62120
12/2/05,60220
11/25/05,60325
11/18/05,61112
11/11/05,63137
11/4/05,61816
10/28/05,61007
10/21/05,59790
10/14/05,57617
10/7/05,55344
9/30/05,57196
9/23/05,59816
9/16/05,60090
9/9/05,59476
9/2/05,60233
8/26/05,61004
8/19/05,61509
8/12/05,59239
8/5/05,61987
7/29/05,63009
7/22/05,62562
7/15/05,63740
7/8/05,67165
7/1/05,67050
6/24/05,65140
6/17/05,66223
6/10/05,63927
6/3/05,65194
5/27/05,67324
5/20/05,65718
5/13/05,64006
5/6/05,65011
4/29/05,65423
4/22/05,64865
4/15/05,66320
4/8/05,66477
4/1/05,66084
3/25/05,65854
3/18/05,67020
3/11/05,67981
3/4/05,69605
2/25/05,71247
2/18/05,70401
2/11/05,68800
2/4/05,66044
1/28/05,64310
1/21/05,62556
1/14/05,63920
1/7/05,65569
12/31/04,66038
12/24/04,67726
12/17/04,68702
12/10/04,68468
12/3/04,66168
11/26/04,64957
11/19/04,65045
11/12/04,62274
11/5/04,62366
10/29/04,63367
10/22/04,63114
10/15/04,63070
10/8/04,61532
10/1/04,59787
9/24/04,59300
9/17/04,60045
9/10/04,59854
9/3/04,62180
8/27/04,62095
8/20/04,62747
8/13/04,63070
8/6/04,64380
7/30/04,64578
7/23/04,63759
7/16/04,65201
7/9/04,64511
7/2/04,65541
6/25/04,63202
6/18/04,63842
6/11/04,64538
6/4/04,65005
5/28/04,63388
5/21/04,63545
5/14/04,62941
5/7/04,62208
4/30/04,63331
4/23/04,60102
4/16/04,61688
4/9/04,57335
4/2/04,58312
3/26/04,59956
3/19/04,60328
3/12/04,60139
3/5/04,61499
2/27/04,63472
2/20/04,63012
2/13/04,62639
2/6/04,60443
1/30/04,60739
1/23/04,60309
1/16/04,61015
1/9/04,61140
1/2/04,58478
12/26/03,60338
12/19/03,61374
12/12/03,61555
12/5/03,61283
11/28/03,60622
11/21/03,62650
11/14/03,61637
11/7/03,61786
10/31/03,61369
10/24/03,61938
10/17/03,62969
10/10/03,61445
10/3/03,61163
9/26/03,61561
9/19/03,59779
9/12/03,59195
9/5/03,57792
8/29/03,59759
8/22/03,59064
8/15/03,61334
8/8/03,61442
8/1/03,59996
7/25/03,59191
7/18/03,60953
7/11/03,60203
7/4/03,60781
6/27/03,60094
6/20/03,61940
6/13/03,62372
6/6/03,63894
5/30/03,62847
5/23/03,61671
5/16/03,62226
5/9/03,63071
5/2/03,60630
4/25/03,60613
4/18/03,59585
4/11/03,59413
4/4/03,59437
3/28/03,61473
3/21/03,61372
3/14/03,61197
3/7/03,60789
2/28/03,62911
2/21/03,61829
2/14/03,63290
2/7/03,61158
1/31/03,60673
1/24/03,61797
1/17/03,64898
1/10/03,64836
1/3/03,64057
12/27/02,62690
12/20/02,64631
12/13/02,64069
12/6/02,64421
11/29/02,62680
11/22/02,60770
11/15/02,60186
11/8/02,60259
11/1/02,60279
10/25/02,60022
10/18/02,59054
10/11/02,59735
10/4/02,62061
9/27/02,62214
9/20/02,62088
9/13/02,61797
9/6/02,61487
8/30/02,62810
8/23/02,62564
8/16/02,63266
8/9/02,63286
8/2/02,63823
7/26/02,62048
7/19/02,62725
7/12/02,63312
7/5/02,62585
6/28/02,63870
6/21/02,62898
6/14/02,63393
6/7/02,64295
5/31/02,64160
5/24/02,63363
5/17/02,62558
5/10/02,63009
5/3/02,61087
4/26/02,61593
4/19/02,61250
4/12/02,62915
4/5/02,62470
3/29/02,64565
3/22/02,63402
3/15/02,63564
3/8/02,64940
3/1/02,63568
2/22/02,64069
2/15/02,63714
2/8/02,64240
2/1/02,62813
1/25/02,63590
1/18/02,61620
1/11/02,60272
1/4/02,59002
12/28/01,61414
12/21/01,61537
12/14/01,63698
12/7/01,63748
11/30/01,63506
11/23/01,63145
11/16/01,63842
11/9/01,62175
11/2/01,61554
10/26/01,63796
10/19/01,63174
10/12/01,65113
10/5/01,62482
9/28/01,62524
9/21/01,63278
9/14/01,60583
9/7/01,57544
8/31/01,56786
8/24/01,57741
8/17/01,59305
8/10/01,56852
8/3/01,58676
7/27/01,59736
7/20/01,61474
7/13/01,63732
7/6/01,67420
6/29/01,67290
6/22/01,66153
6/15/01,66335
6/8/01,65772
6/1/01,63833
5/25/01,64711
5/18/01,63351
5/11/01,63654
5/4/01,63363
4/27/01,61932
4/20/01,59059
4/13/01,59352
4/6/01,59195
3/30/01,58357
3/23/01,58114
3/16/01,60294
3/9/01,60523
3/2/01,58190
2/23/01,58856
2/16/01,59264
2/9/01,59144
2/2/01,58874
1/26/01,60253
1/19/01,58856
1/12/01,58076
1/5/01,55967
12/29/00,56118
12/22/00,57194
12/15/00,58517
12/8/00,60298
12/1/00,61229
11/24/00,61641
11/17/00,60120
11/10/00,60989
11/3/00,59194
10/27/00,59773
10/20/00,61128
10/13/00,62002
10/6/00,60648
9/29/00,59927
9/22/00,60396
9/15/00,57823
9/8/00,59830
9/1/00,61270
8/25/00,60197
8/18/00,61650
8/11/00,61261
8/4/00,59728
7/28/00,60144
7/21/00,57550
7/14/00,59925
7/7/00,59934
6/30/00,60805
6/23/00,61942
6/16/00,60632
6/9/00,61131
6/2/00,60237
5/26/00,61573
5/19/00,60914
5/12/00,60793
5/5/00,59168
4/28/00,58851
4/21/00,58384
4/14/00,57440
4/7/00,59260
3/31/00,57678
3/24/00,56548
3/17/00,57589
3/10/00,56497
3/3/00,55946
2/25/00,55735
2/18/00,55379
2/11/00,56654
2/4/00,55762
1/28/00,56800
1/21/00,57225
1/14/00,56237
1/7/00,56650
12/31/99,57019
12/24/99,57148
12/17/99,55337
12/10/99,56507
12/3/99,56123
11/26/99,55227
11/19/99,55259
11/12/99,56409
11/5/99,57897
10/29/99,58311
10/22/99,56678
10/15/99,60090
10/8/99,59312
10/1/99,59170
9/24/99,58500
9/17/99,56874
9/10/99,57002
9/3/99,56583
8/27/99,56968
8/20/99,58187
8/13/99,60305
8/6/99,60817
7/30/99,59925
7/23/99,60740
7/16/99,58993
7/9/99,60109
7/2/99,61093
6/25/99,61908
6/18/99,61855
6/11/99,61043
6/4/99,64750
5/28/99,65218
5/21/99,64826
5/14/99,64304
5/7/99,65125
4/30/99,64148
4/23/99,63092
4/16/99,64604
4/9/99,63836
4/2/99,63785
3/26/99,62279
3/19/99,64832
3/12/99,66177
3/5/99,66507
2/26/99,66765
2/19/99,66400
2/12/99,63831
2/5/99,63344
1/29/99,64121
1/22/99,63157
1/15/99,64276
1/8/99,63618
1/1/99,63173
12/25/98,62647
12/18/98,59774
12/11/98,59485
12/4/98,60861
11/27/98,60742
11/20/98,62725
11/13/98,62696
11/6/98,61316
10/30/98,62669
10/23/98,61564
10/16/98,59944
10/9/98,57983
10/2/98,59984
9/25/98,62113
9/18/98,61586
9/11/98,60795
9/4/98,60787
8/28/98,61231
8/21/98,59968
8/14/98,60799
8/7/98,62840
7/31/98,63518
7/24/98,63033
7/17/98,63133
7/10/98,64618
7/3/98,62192
6/26/98,65367
6/19/98,65596
6/12/98,64544
6/5/98,63455
5/29/98,63641
5/22/98,62716
5/15/98,64082
5/8/98,64177
5/1/98,62939
4/24/98,65591
4/17/98,66173
4/10/98,64933
4/3/98,64392
3/27/98,64621
3/20/98,66330
3/13/98,64537
3/6/98,63368
2/27/98,63185
2/20/98,62437
2/13/98,61860
2/6/98,63815
1/30/98,62495
1/23/98,63148
1/16/98,63459
1/9/98,64110
1/2/98,62554
12/26/97,60661
12/19/97,59558
12/12/97,59108
12/5/97,57647
11/28/97,57743
11/21/97,59461
11/14/97,59655
11/7/97,59692
10/31/97,59750
10/24/97,58669
10/17/97,59035
10/10/97,60301
10/3/97,60167
9/26/97,58611
9/19/97,57893
9/12/97,54256
9/5/97,52665
8/29/97,52112
8/22/97,53020
8/15/97,53379
8/8/97,54563
8/1/97,54854
7/25/97,55852
7/18/97,56325
7/11/97,54710
7/4/97,55304
6/27/97,56251
6/20/97,56332
6/13/97,55848
6/6/97,55974
5/30/97,56054
5/23/97,55623
5/16/97,57440
5/9/97,58646
5/2/97,57462
4/25/97,58471
4/18/97,57354
4/11/97,54995
4/4/97,54405
3/28/97,55131
3/21/97,55167
3/14/97,55257
3/7/97,55366
2/28/97,55536
2/21/97,56959
2/14/97,56805
2/7/97,59019
1/31/97,59752
1/24/97,58860
1/17/97,57231
1/10/97,55561
1/3/97,56350
12/27/96,57515
12/20/96,55317
12/13/96,52766
12/6/96,54648
11/29/96,54554
11/22/96,53966
11/15/96,54297
11/8/96,53561
11/1/96,54523
10/25/96,54623
10/18/96,54730
10/11/96,55142
10/4/96,54671
9/27/96,57609
9/20/96,57606
9/13/96,58743
9/6/96,56572
8/30/96,57203
8/23/96,56644
8/16/96,56867
8/9/96,56373
8/2/96,55029
7/26/96,55605
7/19/96,55462
7/12/96,57082
7/5/96,58788
6/28/96,56219
6/21/96,58822
6/14/96,57335
6/7/96,58076
5/31/96,58691
5/24/96,59880
5/17/96,57660
5/10/96,59328
5/3/96,61422
4/26/96,59971
4/19/96,59651
4/12/96,57499
4/5/96,57355
3/29/96,57239
3/22/96,57695
3/15/96,59609
3/8/96,58043
3/1/96,61677
2/23/96,60265
2/16/96,60988
2/9/96,61486
2/2/96,60403
1/26/96,60064
1/19/96,59616
1/12/96,58407
1/5/96,61065
12/29/95,61863
12/22/95,61431
12/15/95,60779
12/8/95,60080
12/1/95,59834
11/24/95,59601
11/17/95,56806
11/10/95,56889
11/3/95,58256
10/27/95,58257
10/20/95,59607
10/13/95,58813
10/6/95,59911
9/29/95,61322
9/22/95,60543
9/15/95,59695
9/8/95,59804
9/1/95,59132
8/25/95,57924
8/18/95,58721
8/11/95,58879
8/4/95,58400
7/28/95,59978
7/21/95,61448
7/14/95,60143
7/7/95,61659
6/30/95,61734
6/23/95,60020
6/16/95,61377
6/9/95,58826
6/2/95,57355
5/26/95,58389
5/19/95,56511
5/12/95,58076
5/5/95,56136
4/28/95,57287
4/21/95,59678
4/14/95,60239
4/7/95,59452
3/31/95,60178
3/24/95,63255
3/17/95,64267
3/10/95,63021
3/3/95,66032
2/24/95,64672
2/17/95,64315
2/10/95,64406
2/3/95,62171
1/27/95,58956
1/20/95,59367
1/13/95,60182
1/6/95,59991
12/30/94,60044
12/23/94,60924
12/16/94,62745
12/9/94,61504
12/2/94,65767
11/25/94,64842
11/18/94,65460
11/11/94,64603
11/4/94,65841
10/28/94,63064
10/21/94,62258
10/14/94,61494
10/7/94,62028
9/30/94,62324
9/23/94,62105
9/16/94,62392
9/9/94,63936
9/2/94,61611
8/26/94,61494
8/19/94,57657
8/12/94,60776
8/5/94,59735
7/29/94,59504
7/22/94,61300
7/15/94,59465
7/8/94,58156
7/1/94,57951
6/24/94,58716
6/17/94,59207
6/10/94,58604
6/3/94,58719
5/27/94,58124
5/20/94,59705
5/13/94,62431
5/6/94,61407
4/29/94,60137
4/22/94,59996
4/15/94,56706
4/8/94,56690
4/1/94,57160
3/25/94,55492
3/18/94,57179
3/11/94,59220
3/4/94,60857
2/25/94,62718
2/18/94,61420
2/11/94,62271
2/4/94,64567
1/28/94,65250
1/21/94,64821
1/14/94,64607
1/7/94,65134
12/31/93,64425
12/24/93,64558
12/17/93,61828
12/10/93,64040
12/3/93,64323
11/26/93,64814
11/19/93,64237
11/12/93,62511
11/5/93,62930
10/29/93,63540
10/22/93,63069
10/15/93,63673
10/8/93,64563
10/1/93,61963
9/24/93,63884
9/17/93,61154
9/10/93,60631
9/3/93,60249
8/27/93,58751
8/20/93,57706
8/13/93,63360
8/6/93,61441
7/30/93,62817
7/23/93,63257
7/16/93,61802
7/9/93,62804
7/2/93,63385
6/25/93,61534
6/18/93,61807
6/11/93,62938
6/4/93,64127
5/28/93,64664
5/21/93,61761
5/14/93,63886
5/7/93,61552
4/30/93,63710
4/23/93,64701
4/16/93,65327
4/9/93,65173
4/2/93,64989
3/26/93,64702
3/19/93,67220
3/12/93,68203
3/5/93,67983
2/26/93,66970
2/19/93,68532
2/12/93,67670
2/5/93,65412
1/29/93,66831
1/22/93,67883
1/15/93,66662
1/8/93,65071
1/1/93,62794
12/25/92,59969
12/18/92,58214
12/11/92,58588
12/4/92,59417
11/27/92,59379
11/20/92,59589
11/13/92,59262
11/6/92,58103
10/30/92,56611
10/23/92,56632
10/16/92,56954
10/9/92,58110
10/2/92,60172
9/25/92,58696
9/18/92,59863
9/11/92,58980
9/4/92,56863
8/28/92,59876
8/21/92,61450
8/14/92,59597
8/7/92,60834
7/31/92,62044
7/24/92,60612
7/17/92,61542
7/10/92,63099
7/3/92,62866
6/26/92,63502
6/19/92,62745
6/12/92,63044
6/5/92,61582
5/29/92,59657
5/22/92,60499
5/15/92,60171
5/8/92,60839
5/1/92,62325
4/24/92,64043
4/17/92,63053
4/10/92,63105
4/3/92,65342
3/27/92,64917
3/20/92,65906
3/13/92,66453
3/6/92,65938
2/28/92,66162
2/21/92,66971
2/14/92,66515
2/7/92,63810
1/31/92,66167
1/24/92,67070
1/17/92,67131
1/10/92,66974
1/3/92,66583
12/27/91,64322
12/20/91,64742
12/13/91,64010
12/6/91,61801
11/29/91,60551
11/22/91,60628
11/15/91,57567
11/8/91,59102
11/1/91,60889
10/25/91,60504
10/18/91,61172
10/11/91,61536
10/4/91,63195
9/27/91,60124
9/20/91,62454
9/13/91,62782
9/6/91,61746
8/30/91,61144
8/23/91,61187
8/16/91,59934
8/9/91,60724
8/2/91,62854
7/26/91,61989
7/19/91,62413
7/12/91,63300
7/5/91,62619
6/28/91,64528
6/21/91,63133
6/14/91,62672
6/7/91,61374
5/31/91,60441
5/24/91,60610
5/17/91,57902
5/10/91,58657
5/3/91,54991
4/26/91,56916
4/19/91,56533
4/12/91,58372
4/5/91,59597
3/29/91,60498
3/22/91,62190
3/15/91,64177
3/8/91,64295
3/1/91,64278
2/22/91,64579
2/15/91,63281
2/8/91,63168
2/1/91,63794
1/25/91,62728
1/18/91,61573
1/11/91,63662
1/4/91,65884
12/28/90,65966
12/21/90,68102
12/14/90,68112
12/7/90,67672
11/30/90,66602
11/23/90,66111
11/16/90,65657
11/9/90,65701
11/2/90,66010
10/26/90,65075
10/19/90,61798
10/12/90,63866
10/5/90,63994
9/28/90,63472
9/21/90,64900
9/14/90,63250
9/7/90,60898
8/31/90,61261
8/24/90,62403
8/17/90,64015
8/10/90,65313
8/3/90,66608
7/27/90,64050
7/20/90,64087
7/13/90,63049
7/6/90,61225
6/29/90,61952
6/22/90,60978
6/15/90,62274
6/8/90,62235
6/1/90,60509
5/25/90,58394
5/18/90,57670
5/11/90,57797
5/4/90,57918
4/27/90,59275
4/20/90,59821
4/13/90,59624
4/6/90,61415
3/30/90,64515
3/23/90,65725
3/16/90,68475
3/9/90,69902
3/2/90,71592
2/23/90,69379
2/16/90,68996
2/9/90,69627
2/2/90,67196
1/26/90,63570
1/19/90,62515
1/12/90,61189
1/5/90,59964